{
"meta":{"test_sets":[],"test_metrics":[],"learn_metrics":[{"best_value":"Min","name":"RMSE"}],"launch_mode":"Train","parameters":"","iteration_count":1000,"learn_sets":["learn"],"name":"experiment"},
"iterations":[
{"learn":[14.61268541],"iteration":0,"passed_time":0.1355731584,"remaining_time":135.4375852},
{"learn":[14.23196558],"iteration":1,"passed_time":0.1364751535,"remaining_time":68.10110162},
{"learn":[13.86674177],"iteration":2,"passed_time":0.1373463014,"remaining_time":45.64475418},
{"learn":[13.49946468],"iteration":3,"passed_time":0.1382026719,"remaining_time":34.4124653},
{"learn":[13.16661202],"iteration":4,"passed_time":0.1390815541,"remaining_time":27.67722927},
{"learn":[12.85632158],"iteration":5,"passed_time":0.1399434548,"remaining_time":23.18396568},
{"learn":[12.56784336],"iteration":6,"passed_time":0.1407978516,"remaining_time":19.97318095},
{"learn":[12.31617801],"iteration":7,"passed_time":0.1416572176,"remaining_time":17.56549498},
{"learn":[12.01509946],"iteration":8,"passed_time":0.1425170745,"remaining_time":15.69271343},
{"learn":[11.71512571],"iteration":9,"passed_time":0.1433619236,"remaining_time":14.19283043},
{"learn":[11.43264457],"iteration":10,"passed_time":0.1442063618,"remaining_time":12.9654629},
{"learn":[11.17973129],"iteration":11,"passed_time":0.1450293403,"remaining_time":11.94074902},
{"learn":[10.93746433],"iteration":12,"passed_time":0.1458542322,"remaining_time":11.07370209},
{"learn":[10.69387075],"iteration":13,"passed_time":0.14668224,"remaining_time":10.33062062},
{"learn":[10.4615922],"iteration":14,"passed_time":0.1476360827,"remaining_time":9.694769432},
{"learn":[10.2299235],"iteration":15,"passed_time":0.1484783269,"remaining_time":9.131417106},
{"learn":[10.01419731],"iteration":16,"passed_time":0.1493069358,"remaining_time":8.633453994},
{"learn":[9.795856918],"iteration":17,"passed_time":0.1501838588,"remaining_time":8.193363852},
{"learn":[9.60040151],"iteration":18,"passed_time":0.1510124276,"remaining_time":7.797010078},
{"learn":[9.418664989],"iteration":19,"passed_time":0.1518320899,"remaining_time":7.439772403},
{"learn":[9.249278645],"iteration":20,"passed_time":0.1526578735,"remaining_time":7.116764674},
{"learn":[9.090113396],"iteration":21,"passed_time":0.1535352229,"remaining_time":6.825338545},
{"learn":[8.909548708],"iteration":22,"passed_time":0.1543452873,"remaining_time":6.55631938},
{"learn":[8.740140208],"iteration":23,"passed_time":0.15517591,"remaining_time":6.310487005},
{"learn":[8.59377682],"iteration":24,"passed_time":0.1560018739,"remaining_time":6.084073083},
{"learn":[8.453885414],"iteration":25,"passed_time":0.1568364639,"remaining_time":5.875335225},
{"learn":[8.317732234],"iteration":26,"passed_time":0.1576466285,"remaining_time":5.681117392},
{"learn":[8.180896085],"iteration":27,"passed_time":0.1584794653,"remaining_time":5.501501438},
{"learn":[8.053220863],"iteration":28,"passed_time":0.1592658958,"remaining_time":5.332661547},
{"learn":[7.924234474],"iteration":29,"passed_time":0.1600906475,"remaining_time":5.176264271},
{"learn":[7.818879511],"iteration":30,"passed_time":0.1609102998,"remaining_time":5.029744532},
{"learn":[7.719346395],"iteration":31,"passed_time":0.1623106906,"remaining_time":4.90989839},
{"learn":[7.624163594],"iteration":32,"passed_time":0.1632878723,"remaining_time":4.784829469},
{"learn":[7.524952543],"iteration":33,"passed_time":0.1642307934,"remaining_time":4.666086661},
{"learn":[7.424464745],"iteration":34,"passed_time":0.1651382688,"remaining_time":4.553097982},
{"learn":[7.327482321],"iteration":35,"passed_time":0.1660705602,"remaining_time":4.447000557},
{"learn":[7.238666841],"iteration":36,"passed_time":0.1670389475,"remaining_time":4.3475272},
{"learn":[7.158842395],"iteration":37,"passed_time":0.1680172143,"remaining_time":4.253488425},
{"learn":[7.074348246],"iteration":38,"passed_time":0.1693075908,"remaining_time":4.171912685},
{"learn":[6.992269093],"iteration":39,"passed_time":0.1703724684,"remaining_time":4.088939242},
{"learn":[6.925219745],"iteration":40,"passed_time":0.1712958433,"remaining_time":4.006651554},
{"learn":[6.86013671],"iteration":41,"passed_time":0.1722033086,"remaining_time":3.927875469},
{"learn":[6.786739622],"iteration":42,"passed_time":0.1731061955,"remaining_time":3.852619281},
{"learn":[6.73057926],"iteration":43,"passed_time":0.1739778242,"remaining_time":3.780063636},
{"learn":[6.666356486],"iteration":44,"passed_time":0.1748631986,"remaining_time":3.710985658},
{"learn":[6.606182832],"iteration":45,"passed_time":0.1757960711,"remaining_time":3.645857648},
{"learn":[6.547854615],"iteration":46,"passed_time":0.1766928566,"remaining_time":3.582729624},
{"learn":[6.49240675],"iteration":47,"passed_time":0.1778635407,"remaining_time":3.527626891},
{"learn":[6.431317261],"iteration":48,"passed_time":0.1787672892,"remaining_time":3.469544735},
{"learn":[6.377586395],"iteration":49,"passed_time":0.1796059567,"remaining_time":3.412513178},
{"learn":[6.327558015],"iteration":50,"passed_time":0.1805318964,"remaining_time":3.359309209},
{"learn":[6.282040317],"iteration":51,"passed_time":0.1814036354,"remaining_time":3.307127814},
{"learn":[6.237655841],"iteration":52,"passed_time":0.1822946201,"remaining_time":3.257226514},
{"learn":[6.192792003],"iteration":53,"passed_time":0.1831280579,"remaining_time":3.208132274},
{"learn":[6.150579347],"iteration":54,"passed_time":0.1839834466,"remaining_time":3.161170127},
{"learn":[6.115693845],"iteration":55,"passed_time":0.1849162189,"remaining_time":3.117159118},
{"learn":[6.078780782],"iteration":56,"passed_time":0.1858401849,"remaining_time":3.074513936},
{"learn":[6.045146957],"iteration":57,"passed_time":0.1866751756,"remaining_time":3.031862335},
{"learn":[6.008080327],"iteration":58,"passed_time":0.1875050869,"remaining_time":2.990547233},
{"learn":[5.977575734],"iteration":59,"passed_time":0.1882954648,"remaining_time":2.949962281},
{"learn":[5.948036502],"iteration":60,"passed_time":0.1892473626,"remaining_time":2.913168418},
{"learn":[5.914888282],"iteration":61,"passed_time":0.190184443,"remaining_time":2.877306572},
{"learn":[5.884957796],"iteration":62,"passed_time":0.1911053833,"remaining_time":2.842313399},
{"learn":[5.849539885],"iteration":63,"passed_time":0.1920128787,"remaining_time":2.808188351},
{"learn":[5.821387627],"iteration":64,"passed_time":0.1928857698,"remaining_time":2.774587612},
{"learn":[5.797012279],"iteration":65,"passed_time":0.193741469,"remaining_time":2.741735334},
{"learn":[5.768685095],"iteration":66,"passed_time":0.1945691161,"remaining_time":2.709447542},
{"learn":[5.755484587],"iteration":67,"passed_time":0.1950336989,"remaining_time":2.673108932},
{"learn":[5.731887055],"iteration":68,"passed_time":0.1958575289,"remaining_time":2.642657383},
{"learn":[5.707148487],"iteration":69,"passed_time":0.1967028789,"remaining_time":2.613338248},
{"learn":[5.685365039],"iteration":70,"passed_time":0.1975320388,"remaining_time":2.584609353},
{"learn":[5.663541834],"iteration":71,"passed_time":0.1983834901,"remaining_time":2.556942762},
{"learn":[5.638108797],"iteration":72,"passed_time":0.199195969,"remaining_time":2.529515936},
{"learn":[5.619204893],"iteration":73,"passed_time":0.2000521591,"remaining_time":2.503355397},
{"learn":[5.598472793],"iteration":74,"passed_time":0.2008690964,"remaining_time":2.477385522},
{"learn":[5.577007075],"iteration":75,"passed_time":0.2016914937,"remaining_time":2.45214395},
{"learn":[5.562637084],"iteration":76,"passed_time":0.2025110959,"remaining_time":2.427503136},
{"learn":[5.54729991],"iteration":77,"passed_time":0.2033989748,"remaining_time":2.404280189},
{"learn":[5.530737623],"iteration":78,"passed_time":0.2042430725,"remaining_time":2.381112275},
{"learn":[5.513704873],"iteration":79,"passed_time":0.2050685455,"remaining_time":2.358288273},
{"learn":[5.501575529],"iteration":80,"passed_time":0.205869994,"remaining_time":2.33573487},
{"learn":[5.484080734],"iteration":81,"passed_time":0.206671773,"remaining_time":2.313715703},
{"learn":[5.472178894],"iteration":82,"passed_time":0.2075352567,"remaining_time":2.292889522},
{"learn":[5.458923342],"iteration":83,"passed_time":0.2083303232,"remaining_time":2.271792572},
{"learn":[5.451382371],"iteration":84,"passed_time":0.2088770987,"remaining_time":2.248500533},
{"learn":[5.441410748],"iteration":85,"passed_time":0.2096830255,"remaining_time":2.228491689},
{"learn":[5.434047468],"iteration":86,"passed_time":0.2102275267,"remaining_time":2.206180826},
{"learn":[5.422107497],"iteration":87,"passed_time":0.2110654529,"remaining_time":2.187405603},
{"learn":[5.40731265],"iteration":88,"passed_time":0.2118562115,"remaining_time":2.168550659},
{"learn":[5.396360181],"iteration":89,"passed_time":0.2126734693,"remaining_time":2.150365078},
{"learn":[5.383793239],"iteration":90,"passed_time":0.2134665922,"remaining_time":2.132320136},
{"learn":[5.369605034],"iteration":91,"passed_time":0.2142598855,"remaining_time":2.114651914},
{"learn":[5.357467333],"iteration":92,"passed_time":0.2150466868,"remaining_time":2.097283279},
{"learn":[5.341109968],"iteration":93,"passed_time":0.2158590956,"remaining_time":2.080514262},
{"learn":[5.330529276],"iteration":94,"passed_time":0.2167498001,"remaining_time":2.064827043},
{"learn":[5.319862075],"iteration":95,"passed_time":0.2176189743,"remaining_time":2.049245341},
{"learn":[5.313052243],"iteration":96,"passed_time":0.2184337475,"remaining_time":2.033460557},
{"learn":[5.299677207],"iteration":97,"passed_time":0.2192782659,"remaining_time":2.01825506},
{"learn":[5.287546698],"iteration":98,"passed_time":0.2201158415,"remaining_time":2.003276496},
{"learn":[5.279803754],"iteration":99,"passed_time":0.2210347581,"remaining_time":1.989312823},
{"learn":[5.272254612],"iteration":100,"passed_time":0.2218713518,"remaining_time":1.974874705},
{"learn":[5.268813888],"iteration":101,"passed_time":0.2224048927,"remaining_time":1.958035231},
{"learn":[5.258113767],"iteration":102,"passed_time":0.2231987871,"remaining_time":1.943779728},
{"learn":[5.251018576],"iteration":103,"passed_time":0.2239781845,"remaining_time":1.929658205},
{"learn":[5.24171237],"iteration":104,"passed_time":0.2247776693,"remaining_time":1.915962039},
{"learn":[5.233984943],"iteration":105,"passed_time":0.2255581288,"remaining_time":1.902348747},
{"learn":[5.226240449],"iteration":106,"passed_time":0.2263477954,"remaining_time":1.889052161},
{"learn":[5.220541644],"iteration":107,"passed_time":0.2271328233,"remaining_time":1.875948874},
{"learn":[5.211712096],"iteration":108,"passed_time":0.2279485683,"remaining_time":1.8633227},
{"learn":[5.203388597],"iteration":109,"passed_time":0.2287344679,"remaining_time":1.850669785},
{"learn":[5.196026544],"iteration":110,"passed_time":0.2294993985,"remaining_time":1.83806275},
{"learn":[5.188716772],"iteration":111,"passed_time":0.23030789,"remaining_time":1.826012556},
{"learn":[5.182163132],"iteration":112,"passed_time":0.231128133,"remaining_time":1.814253575},
{"learn":[5.17764747],"iteration":113,"passed_time":0.2319919172,"remaining_time":1.803024901},
{"learn":[5.170548056],"iteration":114,"passed_time":0.2328020318,"remaining_time":1.791563462},
{"learn":[5.165901827],"iteration":115,"passed_time":0.2334605147,"remaining_time":1.779130129},
{"learn":[5.160333668],"iteration":116,"passed_time":0.2343159835,"remaining_time":1.76838473},
{"learn":[5.148953243],"iteration":117,"passed_time":0.2351182334,"remaining_time":1.757409168},
{"learn":[5.144729126],"iteration":118,"passed_time":0.2357645136,"remaining_time":1.745449887},
{"learn":[5.139939946],"iteration":119,"passed_time":0.2365506036,"remaining_time":1.734704426},
{"learn":[5.132898872],"iteration":120,"passed_time":0.2373475737,"remaining_time":1.724202622},
{"learn":[5.129073077],"iteration":121,"passed_time":0.2381241159,"remaining_time":1.713712899},
{"learn":[5.127123916],"iteration":122,"passed_time":0.2385605765,"remaining_time":1.700956305},
{"learn":[5.121282057],"iteration":123,"passed_time":0.2393517558,"remaining_time":1.69090434},
{"learn":[5.114489821],"iteration":124,"passed_time":0.2401219462,"remaining_time":1.680853623},
{"learn":[5.107777291],"iteration":125,"passed_time":0.2409172833,"remaining_time":1.671124648},
{"learn":[5.103518754],"iteration":126,"passed_time":0.2417112178,"remaining_time":1.661526718},
{"learn":[5.101133351],"iteration":127,"passed_time":0.2422254929,"remaining_time":1.65016117},
{"learn":[5.096462705],"iteration":128,"passed_time":0.2430261599,"remaining_time":1.64089756},
{"learn":[5.08562082],"iteration":129,"passed_time":0.2438343308,"remaining_time":1.631814368},
{"learn":[5.080483682],"iteration":130,"passed_time":0.2446332245,"remaining_time":1.62279597},
{"learn":[5.07437499],"iteration":131,"passed_time":0.2454291126,"remaining_time":1.613882347},
{"learn":[5.070683732],"iteration":132,"passed_time":0.2462791613,"remaining_time":1.605443856},
{"learn":[5.06432037],"iteration":133,"passed_time":0.2470937441,"remaining_time":1.596889421},
{"learn":[5.057436484],"iteration":134,"passed_time":0.2479218421,"remaining_time":1.588536247},
{"learn":[5.053254656],"iteration":135,"passed_time":0.2487580951,"remaining_time":1.580345546},
{"learn":[5.04801663],"iteration":136,"passed_time":0.2495850009,"remaining_time":1.572203327},
{"learn":[5.045680836],"iteration":137,"passed_time":0.2502276744,"remaining_time":1.563016343},
{"learn":[5.041857933],"iteration":138,"passed_time":0.251042117,"remaining_time":1.555016279},
{"learn":[5.035264888],"iteration":139,"passed_time":0.2518406901,"remaining_time":1.547021382},
{"learn":[5.028771948],"iteration":140,"passed_time":0.2526339333,"remaining_time":1.53909609},
{"learn":[5.024912247],"iteration":141,"passed_time":0.2534241208,"remaining_time":1.531252786},
{"learn":[5.02239068],"iteration":142,"passed_time":0.2542013844,"remaining_time":1.523430674},
{"learn":[5.017110572],"iteration":143,"passed_time":0.2549891073,"remaining_time":1.515768582},
{"learn":[5.010707886],"iteration":144,"passed_time":0.2558073068,"remaining_time":1.508381016},
{"learn":[5.004389868],"iteration":145,"passed_time":0.2565851515,"remaining_time":1.500847393},
{"learn":[4.997628683],"iteration":146,"passed_time":0.257396889,"remaining_time":1.493602356},
{"learn":[4.991497851],"iteration":147,"passed_time":0.2581719885,"remaining_time":1.486233339},
{"learn":[4.988345253],"iteration":148,"passed_time":0.2589778752,"remaining_time":1.47912867},
{"learn":[4.98460423],"iteration":149,"passed_time":0.2598039794,"remaining_time":1.47222255},
{"learn":[4.982441783],"iteration":150,"passed_time":0.2607023579,"remaining_time":1.465803323},
{"learn":[4.977461771],"iteration":151,"passed_time":0.2614845205,"remaining_time":1.458808377},
{"learn":[4.973601586],"iteration":152,"passed_time":0.262304854,"remaining_time":1.452105956},
{"learn":[4.968328804],"iteration":153,"passed_time":0.2631278124,"remaining_time":1.445494346},
{"learn":[4.9640736],"iteration":154,"passed_time":0.2639175791,"remaining_time":1.43877648},
{"learn":[4.960865882],"iteration":155,"passed_time":0.2647140483,"remaining_time":1.432170877},
{"learn":[4.957014156],"iteration":156,"passed_time":0.2655056385,"remaining_time":1.425613078},
{"learn":[4.952244852],"iteration":157,"passed_time":0.2663118758,"remaining_time":1.419206325},
{"learn":[4.949695675],"iteration":158,"passed_time":0.2671069223,"remaining_time":1.412810828},
{"learn":[4.946584698],"iteration":159,"passed_time":0.2679145723,"remaining_time":1.406551505},
{"learn":[4.940192834],"iteration":160,"passed_time":0.2687144879,"remaining_time":1.400319598},
{"learn":[4.936727994],"iteration":161,"passed_time":0.2694970312,"remaining_time":1.39406489},
{"learn":[4.932342063],"iteration":162,"passed_time":0.2703074563,"remaining_time":1.388020497},
{"learn":[4.925830838],"iteration":163,"passed_time":0.2711161883,"remaining_time":1.382031301},
{"learn":[4.922571773],"iteration":164,"passed_time":0.271914571,"remaining_time":1.376052526},
{"learn":[4.918395814],"iteration":165,"passed_time":0.2727104491,"remaining_time":1.370123582},
{"learn":[4.911142452],"iteration":166,"passed_time":0.273494896,"remaining_time":1.364199092},
{"learn":[4.908276131],"iteration":167,"passed_time":0.274359101,"remaining_time":1.358730786},
{"learn":[4.904584645],"iteration":168,"passed_time":0.2752022769,"remaining_time":1.353213563},
{"learn":[4.89795517],"iteration":169,"passed_time":0.2760091254,"remaining_time":1.347573965},
{"learn":[4.895556491],"iteration":170,"passed_time":0.2768181178,"remaining_time":1.342001285},
{"learn":[4.890591233],"iteration":171,"passed_time":0.2776063818,"remaining_time":1.33638421},
{"learn":[4.884629277],"iteration":172,"passed_time":0.2783960083,"remaining_time":1.330829473},
{"learn":[4.880550786],"iteration":173,"passed_time":0.2791898626,"remaining_time":1.325349578},
{"learn":[4.876384842],"iteration":174,"passed_time":0.2799818735,"remaining_time":1.319914547},
{"learn":[4.872638238],"iteration":175,"passed_time":0.2808204108,"remaining_time":1.314750105},
{"learn":[4.869137118],"iteration":176,"passed_time":0.2816224905,"remaining_time":1.309465026},
{"learn":[4.863587157],"iteration":177,"passed_time":0.2824359813,"remaining_time":1.304283015},
{"learn":[4.858028614],"iteration":178,"passed_time":0.2832445629,"remaining_time":1.299127297},
{"learn":[4.853838176],"iteration":179,"passed_time":0.284052283,"remaining_time":1.294015956},
{"learn":[4.853462329],"iteration":180,"passed_time":0.2844944242,"remaining_time":1.287297975},
{"learn":[4.851573196],"iteration":181,"passed_time":0.2852599158,"remaining_time":1.282102259},
{"learn":[4.848442087],"iteration":182,"passed_time":0.2860849982,"remaining_time":1.277221003},
{"learn":[4.845547104],"iteration":183,"passed_time":0.2869073855,"remaining_time":1.272371883},
{"learn":[4.839868817],"iteration":184,"passed_time":0.2878118252,"remaining_time":1.26792777},
{"learn":[4.836336958],"iteration":185,"passed_time":0.2887081699,"remaining_time":1.263486292},
{"learn":[4.831124789],"iteration":186,"passed_time":0.2895246362,"remaining_time":1.25873545},
{"learn":[4.827407333],"iteration":187,"passed_time":0.290335442,"remaining_time":1.254002016},
{"learn":[4.824088918],"iteration":188,"passed_time":0.2911419899,"remaining_time":1.249291819},
{"learn":[4.820934539],"iteration":189,"passed_time":0.2919972283,"remaining_time":1.244830289},
{"learn":[4.816975227],"iteration":190,"passed_time":0.2929123378,"remaining_time":1.240660111},
{"learn":[4.812340486],"iteration":191,"passed_time":0.2937964999,"remaining_time":1.236393604},
{"learn":[4.806402747],"iteration":192,"passed_time":0.2946599735,"remaining_time":1.23207564},
{"learn":[4.801521788],"iteration":193,"passed_time":0.2954944733,"remaining_time":1.227672915},
{"learn":[4.797601172],"iteration":194,"passed_time":0.2963343231,"remaining_time":1.223328872},
{"learn":[4.792694629],"iteration":195,"passed_time":0.2971804345,"remaining_time":1.219046272},
{"learn":[4.789794613],"iteration":196,"passed_time":0.2979730164,"remaining_time":1.214580366},
{"learn":[4.785367055],"iteration":197,"passed_time":0.2987410729,"remaining_time":1.210052224},
{"learn":[4.780376856],"iteration":198,"passed_time":0.2995653637,"remaining_time":1.205788223},
{"learn":[4.776691261],"iteration":199,"passed_time":0.3004005949,"remaining_time":1.20160238},
{"learn":[4.773470753],"iteration":200,"passed_time":0.301229875,"remaining_time":1.19742622},
{"learn":[4.77207327],"iteration":201,"passed_time":0.3020204833,"remaining_time":1.193130424},
{"learn":[4.767347177],"iteration":202,"passed_time":0.3028529193,"remaining_time":1.189033383},
{"learn":[4.763983068],"iteration":203,"passed_time":0.3036468137,"remaining_time":1.184817959},
{"learn":[4.761588849],"iteration":204,"passed_time":0.3044441846,"remaining_time":1.180649399},
{"learn":[4.758558086],"iteration":205,"passed_time":0.3052246441,"remaining_time":1.176448385},
{"learn":[4.753678804],"iteration":206,"passed_time":0.3060249003,"remaining_time":1.17235626},
{"learn":[4.746510889],"iteration":207,"passed_time":0.3068321695,"remaining_time":1.168322492},
{"learn":[4.744840601],"iteration":208,"passed_time":0.3076260038,"remaining_time":1.164268751},
{"learn":[4.741702222],"iteration":209,"passed_time":0.3084438327,"remaining_time":1.160336323},
{"learn":[4.739352853],"iteration":210,"passed_time":0.3092349219,"remaining_time":1.156333428},
{"learn":[4.735539287],"iteration":211,"passed_time":0.3100393158,"remaining_time":1.152410287},
{"learn":[4.730726751],"iteration":212,"passed_time":0.310821258,"remaining_time":1.148433474},
{"learn":[4.726416092],"iteration":213,"passed_time":0.3116288378,"remaining_time":1.144580685},
{"learn":[4.721293082],"iteration":214,"passed_time":0.3124469773,"remaining_time":1.140794777},
{"learn":[4.718443695],"iteration":215,"passed_time":0.3132554287,"remaining_time":1.137001186},
{"learn":[4.711627962],"iteration":216,"passed_time":0.3140996867,"remaining_time":1.133364307},
{"learn":[4.709790764],"iteration":217,"passed_time":0.3148965766,"remaining_time":1.129583133},
{"learn":[4.706913073],"iteration":218,"passed_time":0.3157165795,"remaining_time":1.125911638},
{"learn":[4.703846389],"iteration":219,"passed_time":0.3166027954,"remaining_time":1.12250082},
{"learn":[4.701001135],"iteration":220,"passed_time":0.3176083329,"remaining_time":1.119533445},
{"learn":[4.700380864],"iteration":221,"passed_time":0.3184720369,"remaining_time":1.116086688},
{"learn":[4.695837486],"iteration":222,"passed_time":0.3193204726,"remaining_time":1.112609898},
{"learn":[4.691242996],"iteration":223,"passed_time":0.3201317393,"remaining_time":1.109027811},
{"learn":[4.690284609],"iteration":224,"passed_time":0.3209620013,"remaining_time":1.105535782},
{"learn":[4.68827119],"iteration":225,"passed_time":0.3217685492,"remaining_time":1.101986093},
{"learn":[4.686922425],"iteration":226,"passed_time":0.322568595,"remaining_time":1.098438431},
{"learn":[4.686085874],"iteration":227,"passed_time":0.3233453576,"remaining_time":1.094836035},
{"learn":[4.683230741],"iteration":228,"passed_time":0.3241317781,"remaining_time":1.091290834},
{"learn":[4.6773487],"iteration":229,"passed_time":0.3249684019,"remaining_time":1.087937693},
{"learn":[4.671462906],"iteration":230,"passed_time":0.3257627572,"remaining_time":1.084465629},
{"learn":[4.664799601],"iteration":231,"passed_time":0.3266366101,"remaining_time":1.081279813},
{"learn":[4.660979386],"iteration":232,"passed_time":0.3275096314,"remaining_time":1.078111104},
{"learn":[4.656281279],"iteration":233,"passed_time":0.3283568348,"remaining_time":1.074877502},
{"learn":[4.651997094],"iteration":234,"passed_time":0.3291633828,"remaining_time":1.071531863},
{"learn":[4.650151977],"iteration":235,"passed_time":0.3299709726,"remaining_time":1.068211115},
{"learn":[4.648478046],"iteration":236,"passed_time":0.3307798248,"remaining_time":1.064915638},
{"learn":[4.646364602],"iteration":237,"passed_time":0.3316275993,"remaining_time":1.061765675},
{"learn":[4.642635873],"iteration":238,"passed_time":0.3324456786,"remaining_time":1.058540424},
{"learn":[4.640860821],"iteration":239,"passed_time":0.333240114,"remaining_time":1.055260361},
{"learn":[4.639446822],"iteration":240,"passed_time":0.334186692,"remaining_time":1.05248008},
{"learn":[4.637120072],"iteration":241,"passed_time":0.3349909055,"remaining_time":1.049269035},
{"learn":[4.633769267],"iteration":242,"passed_time":0.3358177812,"remaining_time":1.046148397},
{"learn":[4.630491517],"iteration":243,"passed_time":0.3366169955,"remaining_time":1.042960855},
{"learn":[4.627813333],"iteration":244,"passed_time":0.33744323,"remaining_time":1.039876076},
{"learn":[4.622496304],"iteration":245,"passed_time":0.3382601171,"remaining_time":1.036781009},
{"learn":[4.618979301],"iteration":246,"passed_time":0.3390848588,"remaining_time":1.033728335},
{"learn":[4.616563458],"iteration":247,"passed_time":0.3398819391,"remaining_time":1.030609751},
{"learn":[4.614759385],"iteration":248,"passed_time":0.3406931256,"remaining_time":1.027552359},
{"learn":[4.61251363],"iteration":249,"passed_time":0.3414815098,"remaining_time":1.024444529},
{"learn":[4.608796693],"iteration":250,"passed_time":0.3422800028,"remaining_time":1.021385347},
{"learn":[4.60847774],"iteration":251,"passed_time":0.3430620953,"remaining_time":1.018295426},
{"learn":[4.605195659],"iteration":252,"passed_time":0.3438372649,"remaining_time":1.015203308},
{"learn":[4.60103766],"iteration":253,"passed_time":0.3446499542,"remaining_time":1.012239629},
{"learn":[4.599325598],"iteration":254,"passed_time":0.3455064849,"remaining_time":1.009420907},
{"learn":[4.597012808],"iteration":255,"passed_time":0.3463254058,"remaining_time":1.006508211},
{"learn":[4.594161533],"iteration":256,"passed_time":0.347128848,"remaining_time":1.003567059},
{"learn":[4.592197259],"iteration":257,"passed_time":0.3479297754,"remaining_time":1.000635246},
{"learn":[4.58952828],"iteration":258,"passed_time":0.3487268357,"remaining_time":0.9977088235},
{"learn":[4.585816572],"iteration":259,"passed_time":0.349524417,"remaining_time":0.9948002637},
{"learn":[4.582934052],"iteration":260,"passed_time":0.3503160071,"remaining_time":0.9918909167},
{"learn":[4.582234842],"iteration":261,"passed_time":0.3510908962,"remaining_time":0.9889506924},
{"learn":[4.57571562],"iteration":262,"passed_time":0.3519048479,"remaining_time":0.9861363988},
{"learn":[4.571197349],"iteration":263,"passed_time":0.3527161146,"remaining_time":0.9833297739},
{"learn":[4.56723703],"iteration":264,"passed_time":0.3535155392,"remaining_time":0.9805053636},
{"learn":[4.560335567],"iteration":265,"passed_time":0.3543636343,"remaining_time":0.9778304797},
{"learn":[4.554709345],"iteration":266,"passed_time":0.3551809723,"remaining_time":0.9750848415},
{"learn":[4.552806306],"iteration":267,"passed_time":0.3559583159,"remaining_time":0.9722443555},
{"learn":[4.550766241],"iteration":268,"passed_time":0.3567501866,"remaining_time":0.9694586855},
{"learn":[4.549216045],"iteration":269,"passed_time":0.3575434598,"remaining_time":0.9666915766},
{"learn":[4.547687452],"iteration":270,"passed_time":0.3583456196,"remaining_time":0.9639629398},
{"learn":[4.545642435],"iteration":271,"passed_time":0.3591376706,"remaining_time":0.9612214125},
{"learn":[4.543930359],"iteration":272,"passed_time":0.3599545577,"remaining_time":0.9585603057},
{"learn":[4.541029943],"iteration":273,"passed_time":0.3608398121,"remaining_time":0.9560938087},
{"learn":[4.537781449],"iteration":274,"passed_time":0.3616641631,"remaining_time":0.9534782481},
{"learn":[4.53066128],"iteration":275,"passed_time":0.3625141316,"remaining_time":0.950942867},
{"learn":[4.526763956],"iteration":276,"passed_time":0.3633369598,"remaining_time":0.9483488156},
{"learn":[4.522036004],"iteration":277,"passed_time":0.3641924486,"remaining_time":0.9458523305},
{"learn":[4.515307629],"iteration":278,"passed_time":0.3650204563,"remaining_time":0.9432965915},
{"learn":[4.51109143],"iteration":279,"passed_time":0.3658661269,"remaining_time":0.940798612},
{"learn":[4.508233494],"iteration":280,"passed_time":0.3668771743,"remaining_time":0.9387355456},
{"learn":[4.502555629],"iteration":281,"passed_time":0.3677825057,"remaining_time":0.9364107768},
{"learn":[4.500081355],"iteration":282,"passed_time":0.3686006852,"remaining_time":0.9338752342},
{"learn":[4.495281743],"iteration":283,"passed_time":0.3694267794,"remaining_time":0.9313717396},
{"learn":[4.492138869],"iteration":284,"passed_time":0.3702100741,"remaining_time":0.9287726421},
{"learn":[4.491708261],"iteration":285,"passed_time":0.3709857948,"remaining_time":0.9261673338},
{"learn":[4.489398865],"iteration":286,"passed_time":0.3717645611,"remaining_time":0.9235823416},
{"learn":[4.485796373],"iteration":287,"passed_time":0.3725559007,"remaining_time":0.9210409768},
{"learn":[4.479542205],"iteration":288,"passed_time":0.373385251,"remaining_time":0.9186052369},
{"learn":[4.475986993],"iteration":289,"passed_time":0.37419238,"remaining_time":0.9161261717},
{"learn":[4.468661855],"iteration":290,"passed_time":0.3750401745,"remaining_time":0.913757676},
{"learn":[4.463785664],"iteration":291,"passed_time":0.3758446686,"remaining_time":0.9112946074},
{"learn":[4.460445831],"iteration":292,"passed_time":0.3766406569,"remaining_time":0.9088223359},
{"learn":[4.45692492],"iteration":293,"passed_time":0.3774414942,"remaining_time":0.9063731119},
{"learn":[4.454031688],"iteration":294,"passed_time":0.3782549349,"remaining_time":0.9039651834},
{"learn":[4.451672391],"iteration":295,"passed_time":0.3790592687,"remaining_time":0.9015463688},
{"learn":[4.45031553],"iteration":296,"passed_time":0.3798425735,"remaining_time":0.8990886503},
{"learn":[4.446782666],"iteration":297,"passed_time":0.3806905283,"remaining_time":0.8967944659},
{"learn":[4.444369689],"iteration":298,"passed_time":0.3814915659,"remaining_time":0.8943999589},
{"learn":[4.44411683],"iteration":299,"passed_time":0.3822900789,"remaining_time":0.8920101842},
{"learn":[4.440876943],"iteration":300,"passed_time":0.3830713399,"remaining_time":0.8895909189},
{"learn":[4.439336453],"iteration":301,"passed_time":0.3838752429,"remaining_time":0.8872348329},
{"learn":[4.436666901],"iteration":302,"passed_time":0.3846692074,"remaining_time":0.8848661306},
{"learn":[4.433043336],"iteration":303,"passed_time":0.3854830288,"remaining_time":0.8825532502},
{"learn":[4.431419305],"iteration":304,"passed_time":0.3862621859,"remaining_time":0.8801712104},
{"learn":[4.428859646],"iteration":305,"passed_time":0.3870874085,"remaining_time":0.8779041225},
{"learn":[4.424552441],"iteration":306,"passed_time":0.3879652889,"remaining_time":0.8757652937},
{"learn":[4.422706391],"iteration":307,"passed_time":0.388794048,"remaining_time":0.8735242897},
{"learn":[4.421427994],"iteration":308,"passed_time":0.3896552875,"remaining_time":0.8713650604},
{"learn":[4.418733158],"iteration":309,"passed_time":0.3905032724,"remaining_time":0.869184703},
{"learn":[4.415656941],"iteration":310,"passed_time":0.3913835171,"remaining_time":0.8670843836},
{"learn":[4.410747417],"iteration":311,"passed_time":0.392236331,"remaining_time":0.8649313965},
{"learn":[4.408126521],"iteration":312,"passed_time":0.3930837047,"remaining_time":0.8627747768},
{"learn":[4.407843853],"iteration":313,"passed_time":0.3938848025,"remaining_time":0.8605253965},
{"learn":[4.405219398],"iteration":314,"passed_time":0.3947624725,"remaining_time":0.8584517259},
{"learn":[4.402708465],"iteration":315,"passed_time":0.3955863025,"remaining_time":0.8562690851},
{"learn":[4.40104971],"iteration":316,"passed_time":0.3964375835,"remaining_time":0.8541541625},
{"learn":[4.400830038],"iteration":317,"passed_time":0.3972305361,"remaining_time":0.8519220932},
{"learn":[4.39784288],"iteration":318,"passed_time":0.3980721893,"remaining_time":0.8498030122},
{"learn":[4.393741845],"iteration":319,"passed_time":0.3989056071,"remaining_time":0.847674415},
{"learn":[4.393425936],"iteration":320,"passed_time":0.3997197387,"remaining_time":0.8455130922},
{"learn":[4.390505974],"iteration":321,"passed_time":0.4005634958,"remaining_time":0.8434225159},
{"learn":[4.390305136],"iteration":322,"passed_time":0.4013775877,"remaining_time":0.8412774825},
{"learn":[4.38568203],"iteration":323,"passed_time":0.4023932621,"remaining_time":0.8395612506},
{"learn":[4.383057135],"iteration":324,"passed_time":0.4032955935,"remaining_time":0.837613925},
{"learn":[4.380662684],"iteration":325,"passed_time":0.4041878807,"remaining_time":0.8356522441},
{"learn":[4.37805727],"iteration":326,"passed_time":0.4050588883,"remaining_time":0.8336533083},
{"learn":[4.373708319],"iteration":327,"passed_time":0.4059011425,"remaining_time":0.8316023408},
{"learn":[4.36887921],"iteration":328,"passed_time":0.4067456108,"remaining_time":0.8295632367},
{"learn":[4.367895929],"iteration":329,"passed_time":0.407584599,"remaining_time":0.8275202465},
{"learn":[4.362140573],"iteration":330,"passed_time":0.4084582916,"remaining_time":0.825554674},
{"learn":[4.361931924],"iteration":331,"passed_time":0.409250543,"remaining_time":0.8234318154},
{"learn":[4.359656377],"iteration":332,"passed_time":0.4100907734,"remaining_time":0.8214130507},
{"learn":[4.354281355],"iteration":333,"passed_time":0.4109100851,"remaining_time":0.8193596307},
{"learn":[4.348589447],"iteration":334,"passed_time":0.4117418197,"remaining_time":0.8173382392},
{"learn":[4.346355698],"iteration":335,"passed_time":0.412572262,"remaining_time":0.815321375},
{"learn":[4.343894047],"iteration":336,"passed_time":0.4134637176,"remaining_time":0.8134315869},
{"learn":[4.341561356],"iteration":337,"passed_time":0.414297967,"remaining_time":0.8114356631},
{"learn":[4.338869061],"iteration":338,"passed_time":0.4151297518,"remaining_time":0.8094417874},
{"learn":[4.333720063],"iteration":339,"passed_time":0.4160112501,"remaining_time":0.8075512502},
{"learn":[4.330892223],"iteration":340,"passed_time":0.4168503385,"remaining_time":0.8055846717},
{"learn":[4.328311474],"iteration":341,"passed_time":0.4176482904,"remaining_time":0.8035455412},
{"learn":[4.324580133],"iteration":342,"passed_time":0.4184426357,"remaining_time":0.8015067394},
{"learn":[4.323354432],"iteration":343,"passed_time":0.4192303786,"remaining_time":0.7994625825},
{"learn":[4.323159553],"iteration":344,"passed_time":0.4200213576,"remaining_time":0.7974318529},
{"learn":[4.318639682],"iteration":345,"passed_time":0.4208601154,"remaining_time":0.7954985996},
{"learn":[4.312712208],"iteration":346,"passed_time":0.4216647698,"remaining_time":0.7935074774},
{"learn":[4.311461062],"iteration":347,"passed_time":0.4224705663,"remaining_time":0.7915253138},
{"learn":[4.311178356],"iteration":348,"passed_time":0.423235537,"remaining_time":0.789473738},
{"learn":[4.311102505],"iteration":349,"passed_time":0.4239734173,"remaining_time":0.7873792036},
{"learn":[4.310232308],"iteration":350,"passed_time":0.424737276,"remaining_time":0.7853404334},
{"learn":[4.305128197],"iteration":351,"passed_time":0.4255441144,"remaining_time":0.7833880288},
{"learn":[4.304595496],"iteration":352,"passed_time":0.4263523455,"remaining_time":0.7814446672},
{"learn":[4.3004992],"iteration":353,"passed_time":0.4271482937,"remaining_time":0.7794853043},
{"learn":[4.297581524],"iteration":354,"passed_time":0.4279511347,"remaining_time":0.7775450194},
{"learn":[4.297355825],"iteration":355,"passed_time":0.4287292198,"remaining_time":0.7755663414},
{"learn":[4.295758715],"iteration":356,"passed_time":0.4295517974,"remaining_time":0.7736745259},
{"learn":[4.292500657],"iteration":357,"passed_time":0.4303406325,"remaining_time":0.7717281733},
{"learn":[4.290797586],"iteration":358,"passed_time":0.4311094202,"remaining_time":0.7697524746},
{"learn":[4.286410608],"iteration":359,"passed_time":0.4319084943,"remaining_time":0.7678373231},
{"learn":[4.280278245],"iteration":360,"passed_time":0.4326862287,"remaining_time":0.765890582},
{"learn":[4.279941283],"iteration":361,"passed_time":0.4334469915,"remaining_time":0.7639203884},
{"learn":[4.274426275],"iteration":362,"passed_time":0.4342799184,"remaining_time":0.7620834932},
{"learn":[4.273567658],"iteration":363,"passed_time":0.4351390039,"remaining_time":0.76029782},
{"learn":[4.269488271],"iteration":364,"passed_time":0.4359306141,"remaining_time":0.7583998355},
{"learn":[4.266838205],"iteration":365,"passed_time":0.43671992,"remaining_time":0.7565039051},
{"learn":[4.263456509],"iteration":366,"passed_time":0.4375153472,"remaining_time":0.7546245635},
{"learn":[4.260360204],"iteration":367,"passed_time":0.4382992731,"remaining_time":0.7527313604},
{"learn":[4.255120549],"iteration":368,"passed_time":0.4390903924,"remaining_time":0.7508564704},
{"learn":[4.252582211],"iteration":369,"passed_time":0.4398654719,"remaining_time":0.7489601278},
{"learn":[4.247857931],"iteration":370,"passed_time":0.4406835913,"remaining_time":0.7471428003},
{"learn":[4.245288911],"iteration":371,"passed_time":0.4414887766,"remaining_time":0.74530901},
{"learn":[4.24048515],"iteration":372,"passed_time":0.4422917679,"remaining_time":0.7434770469},
{"learn":[4.2378365],"iteration":373,"passed_time":0.4431002695,"remaining_time":0.7416598093},
{"learn":[4.236751063],"iteration":374,"passed_time":0.4439136401,"remaining_time":0.7398560668},
{"learn":[4.233240093],"iteration":375,"passed_time":0.4447177434,"remaining_time":0.7380422125},
{"learn":[4.230358421],"iteration":376,"passed_time":0.4455178093,"remaining_time":0.736227043},
{"learn":[4.225853583],"iteration":377,"passed_time":0.4463508063,"remaining_time":0.7344714326},
{"learn":[4.224702126],"iteration":378,"passed_time":0.447150221,"remaining_time":0.7326656655},
{"learn":[4.224361982],"iteration":379,"passed_time":0.4479657957,"remaining_time":0.7308915613},
{"learn":[4.223787954],"iteration":380,"passed_time":0.4487439508,"remaining_time":0.7290616944},
{"learn":[4.22144054],"iteration":381,"passed_time":0.4495761965,"remaining_time":0.7273248414},
{"learn":[4.217739335],"iteration":382,"passed_time":0.4504077809,"remaining_time":0.725591647},
{"learn":[4.215611665],"iteration":383,"passed_time":0.4512179656,"remaining_time":0.7238288197},
{"learn":[4.210236863],"iteration":384,"passed_time":0.452012421,"remaining_time":0.7220458154},
{"learn":[4.208454294],"iteration":385,"passed_time":0.452811996,"remaining_time":0.7202760765},
{"learn":[4.207446501],"iteration":386,"passed_time":0.4535736806,"remaining_time":0.7184513338},
{"learn":[4.204985442],"iteration":387,"passed_time":0.4543534888,"remaining_time":0.7166606576},
{"learn":[4.202796622],"iteration":388,"passed_time":0.4551425943,"remaining_time":0.7148897818},
{"learn":[4.199774004],"iteration":389,"passed_time":0.4559409771,"remaining_time":0.7131384513},
{"learn":[4.199458358],"iteration":390,"passed_time":0.4566871529,"remaining_time":0.7113106805},
{"learn":[4.19751254],"iteration":391,"passed_time":0.4575830166,"remaining_time":0.7097205972},
{"learn":[4.195201346],"iteration":392,"passed_time":0.4584841803,"remaining_time":0.7081422326},
{"learn":[4.190593508],"iteration":393,"passed_time":0.459342875,"remaining_time":0.7065019854},
{"learn":[4.187212054],"iteration":394,"passed_time":0.4602697464,"remaining_time":0.7049701179},
{"learn":[4.184984466],"iteration":395,"passed_time":0.4611222196,"remaining_time":0.7033278299},
{"learn":[4.182832144],"iteration":396,"passed_time":0.4620388319,"remaining_time":0.7017869412},
{"learn":[4.179752812],"iteration":397,"passed_time":0.4628635736,"remaining_time":0.7001102294},
{"learn":[4.17878934],"iteration":398,"passed_time":0.4636668955,"remaining_time":0.6984055244},
{"learn":[4.174548229],"iteration":399,"passed_time":0.4645992371,"remaining_time":0.6968988556},
{"learn":[4.168872556],"iteration":400,"passed_time":0.4654595949,"remaining_time":0.6952875246},
{"learn":[4.163926494],"iteration":401,"passed_time":0.4662692686,"remaining_time":0.6936045339},
{"learn":[4.159485076],"iteration":402,"passed_time":0.46707232,"remaining_time":0.6919160672},
{"learn":[4.155926102],"iteration":403,"passed_time":0.467879419,"remaining_time":0.6902379547},
{"learn":[4.153540115],"iteration":404,"passed_time":0.4686713497,"remaining_time":0.6885418595},
{"learn":[4.150983044],"iteration":405,"passed_time":0.4694929356,"remaining_time":0.6868936053},
{"learn":[4.146539132],"iteration":406,"passed_time":0.4703105841,"remaining_time":0.6852436766},
{"learn":[4.144869174],"iteration":407,"passed_time":0.471119266,"remaining_time":0.6835848173},
{"learn":[4.142825962],"iteration":408,"passed_time":0.4719616003,"remaining_time":0.6819787428},
{"learn":[4.142467378],"iteration":409,"passed_time":0.4727533207,"remaining_time":0.6803035591},
{"learn":[4.141800768],"iteration":410,"passed_time":0.4735194936,"remaining_time":0.6785960627},
{"learn":[4.140107084],"iteration":411,"passed_time":0.4743398672,"remaining_time":0.6769704901},
{"learn":[4.136243196],"iteration":412,"passed_time":0.4751780639,"remaining_time":0.675374149},
{"learn":[4.133618439],"iteration":413,"passed_time":0.4759934182,"remaining_time":0.6737491378},
{"learn":[4.131053025],"iteration":414,"passed_time":0.4768156652,"remaining_time":0.672137745},
{"learn":[4.128379975],"iteration":415,"passed_time":0.4776422904,"remaining_time":0.6705362924},
{"learn":[4.127068571],"iteration":416,"passed_time":0.4784682043,"remaining_time":0.6689375614},
{"learn":[4.125969877],"iteration":417,"passed_time":0.47928968,"remaining_time":0.6673363486},
{"learn":[4.123893633],"iteration":418,"passed_time":0.4801169864,"remaining_time":0.665746943},
{"learn":[4.119643722],"iteration":419,"passed_time":0.4809575275,"remaining_time":0.6641794427},
{"learn":[4.11465686],"iteration":420,"passed_time":0.4817968362,"remaining_time":0.6626137011},
{"learn":[4.111565986],"iteration":421,"passed_time":0.4826217282,"remaining_time":0.6610316561},
{"learn":[4.106322452],"iteration":422,"passed_time":0.4834745721,"remaining_time":0.6594913194},
{"learn":[4.104222175],"iteration":423,"passed_time":0.4842952863,"remaining_time":0.6579105776},
{"learn":[4.103008002],"iteration":424,"passed_time":0.4850794627,"remaining_time":0.6562839789},
{"learn":[4.099176337],"iteration":425,"passed_time":0.4859029921,"remaining_time":0.6547143603},
{"learn":[4.096525716],"iteration":426,"passed_time":0.4867481016,"remaining_time":0.6531771949},
{"learn":[4.094967724],"iteration":427,"passed_time":0.4875787443,"remaining_time":0.6516239293},
{"learn":[4.094683584],"iteration":428,"passed_time":0.4883390964,"remaining_time":0.6499804756},
{"learn":[4.091096563],"iteration":429,"passed_time":0.4891400038,"remaining_time":0.6483948888},
{"learn":[4.089178677],"iteration":430,"passed_time":0.4899098536,"remaining_time":0.6467719413},
{"learn":[4.085335077],"iteration":431,"passed_time":0.4907222123,"remaining_time":0.6452088347},
{"learn":[4.084852122],"iteration":432,"passed_time":0.4915054169,"remaining_time":0.6436110193},
{"learn":[4.080322952],"iteration":433,"passed_time":0.4922990909,"remaining_time":0.6420306116},
{"learn":[4.077449519],"iteration":434,"passed_time":0.4931076826,"remaining_time":0.6404731969},
{"learn":[4.076568374],"iteration":435,"passed_time":0.4938811791,"remaining_time":0.6388738188},
{"learn":[4.076071793],"iteration":436,"passed_time":0.4946627206,"remaining_time":0.6372885851},
{"learn":[4.075027644],"iteration":437,"passed_time":0.4954555029,"remaining_time":0.6357214444},
{"learn":[4.07020837],"iteration":438,"passed_time":0.4962641748,"remaining_time":0.6341781368},
{"learn":[4.06833694],"iteration":439,"passed_time":0.4970662243,"remaining_time":0.63262974},
{"learn":[4.063936568],"iteration":440,"passed_time":0.497935669,"remaining_time":0.6311701564},
{"learn":[4.061734926],"iteration":441,"passed_time":0.4987695377,"remaining_time":0.6296683304},
{"learn":[4.060815619],"iteration":442,"passed_time":0.4996645349,"remaining_time":0.628246379},
{"learn":[4.056407489],"iteration":443,"passed_time":0.5006308595,"remaining_time":0.6269161214},
{"learn":[4.05238936],"iteration":444,"passed_time":0.5015756041,"remaining_time":0.6255605849},
{"learn":[4.049685254],"iteration":445,"passed_time":0.5024283979,"remaining_time":0.6240926736},
{"learn":[4.045162016],"iteration":446,"passed_time":0.5032788273,"remaining_time":0.6226245894},
{"learn":[4.042955482],"iteration":447,"passed_time":0.5041062339,"remaining_time":0.6211308954},
{"learn":[4.041467663],"iteration":448,"passed_time":0.5049933815,"remaining_time":0.6197134816},
{"learn":[4.038920476],"iteration":449,"passed_time":0.5058280116,"remaining_time":0.6182342364},
{"learn":[4.036694383],"iteration":450,"passed_time":0.5066792124,"remaining_time":0.6167780213},
{"learn":[4.034999007],"iteration":451,"passed_time":0.5074970012,"remaining_time":0.6152839749},
{"learn":[4.031928018],"iteration":452,"passed_time":0.5083368109,"remaining_time":0.6138195045},
{"learn":[4.028718143],"iteration":453,"passed_time":0.5091592884,"remaining_time":0.6123369415},
{"learn":[4.027401978],"iteration":454,"passed_time":0.5099596047,"remaining_time":0.6108307353},
{"learn":[4.025930598],"iteration":455,"passed_time":0.5107696992,"remaining_time":0.6093392903},
{"learn":[4.021074523],"iteration":456,"passed_time":0.511578892,"remaining_time":0.6078497558},
{"learn":[4.020268486],"iteration":457,"passed_time":0.5123653326,"remaining_time":0.606336267},
{"learn":[4.017986361],"iteration":458,"passed_time":0.5131916372,"remaining_time":0.6048729319},
{"learn":[4.014814804],"iteration":459,"passed_time":0.5141597852,"remaining_time":0.6035788783},
{"learn":[4.009704796],"iteration":460,"passed_time":0.5150614498,"remaining_time":0.6022085064},
{"learn":[4.008440457],"iteration":461,"passed_time":0.5158907199,"remaining_time":0.60075586},
{"learn":[4.004854849],"iteration":462,"passed_time":0.5167468198,"remaining_time":0.5993370243},
{"learn":[4.000898028],"iteration":463,"passed_time":0.5176123273,"remaining_time":0.5979314815},
{"learn":[3.996617985],"iteration":464,"passed_time":0.5185213004,"remaining_time":0.5965782703},
{"learn":[3.995443319],"iteration":465,"passed_time":0.5193355726,"remaining_time":0.5951184459},
{"learn":[3.990771995],"iteration":466,"passed_time":0.5201336749,"remaining_time":0.5936429308},
{"learn":[3.989249359],"iteration":467,"passed_time":0.5209561524,"remaining_time":0.5921980194},
{"learn":[3.986599538],"iteration":468,"passed_time":0.5217200511,"remaining_time":0.5906894395},
{"learn":[3.985628919],"iteration":469,"passed_time":0.5225017228,"remaining_time":0.5892040704},
{"learn":[3.985086112],"iteration":470,"passed_time":0.5232760809,"remaining_time":0.5877134752},
{"learn":[3.98466839],"iteration":471,"passed_time":0.5240564402,"remaining_time":0.586232628},
{"learn":[3.984233894],"iteration":472,"passed_time":0.5248255886,"remaining_time":0.584742252},
{"learn":[3.981855845],"iteration":473,"passed_time":0.5256104663,"remaining_time":0.583272374},
{"learn":[3.978684264],"iteration":474,"passed_time":0.526422284,"remaining_time":0.581835156},
{"learn":[3.974361269],"iteration":475,"passed_time":0.5272201057,"remaining_time":0.5803851584},
{"learn":[3.972074049],"iteration":476,"passed_time":0.5280466407,"remaining_time":0.5789693776},
{"learn":[3.97191982],"iteration":477,"passed_time":0.5288281321,"remaining_time":0.5775068723},
{"learn":[3.969616848],"iteration":478,"passed_time":0.5296109059,"remaining_time":0.5760486053},
{"learn":[3.968533527],"iteration":479,"passed_time":0.5303937497,"remaining_time":0.5745932289},
{"learn":[3.967568753],"iteration":480,"passed_time":0.5312276384,"remaining_time":0.5731957263},
{"learn":[3.966232553],"iteration":481,"passed_time":0.5320448762,"remaining_time":0.5717826678},
{"learn":[3.961522393],"iteration":482,"passed_time":0.5328282611,"remaining_time":0.5703358405},
{"learn":[3.955829553],"iteration":483,"passed_time":0.5336413511,"remaining_time":0.5689234239},
{"learn":[3.954248095],"iteration":484,"passed_time":0.5344340233,"remaining_time":0.5674917979},
{"learn":[3.951922606],"iteration":485,"passed_time":0.535279774,"remaining_time":0.5661189379},
{"learn":[3.94978202],"iteration":486,"passed_time":0.5361268372,"remaining_time":0.5647496252},
{"learn":[3.949518999],"iteration":487,"passed_time":0.5369983457,"remaining_time":0.5634081004},
{"learn":[3.945431216],"iteration":488,"passed_time":0.5378456994,"remaining_time":0.5620432564},
{"learn":[3.943249086],"iteration":489,"passed_time":0.5386770834,"remaining_time":0.5606639032},
{"learn":[3.941981548],"iteration":490,"passed_time":0.5394948522,"remaining_time":0.5592726675},
{"learn":[3.936600517],"iteration":491,"passed_time":0.5403400218,"remaining_time":0.5579120551},
{"learn":[3.934476885],"iteration":492,"passed_time":0.5411573397,"remaining_time":0.556524891},
{"learn":[3.93045798],"iteration":493,"passed_time":0.542042704,"remaining_time":0.5552097333},
{"learn":[3.925977375],"iteration":494,"passed_time":0.5428815319,"remaining_time":0.5538488356},
{"learn":[3.92457993],"iteration":495,"passed_time":0.5436784419,"remaining_time":0.552447449},
{"learn":[3.919849146],"iteration":496,"passed_time":0.5444824952,"remaining_time":0.5510557245},
{"learn":[3.919681964],"iteration":497,"passed_time":0.5452436087,"remaining_time":0.5496230754},
{"learn":[3.917633027],"iteration":498,"passed_time":0.5460538435,"remaining_time":0.548242436},
{"learn":[3.916616419],"iteration":499,"passed_time":0.5468484392,"remaining_time":0.5468484392},
{"learn":[3.912896166],"iteration":500,"passed_time":0.5476421232,"remaining_time":0.5454559271},
{"learn":[3.912769674],"iteration":501,"passed_time":0.5484037176,"remaining_time":0.5440339669},
{"learn":[3.909373788],"iteration":502,"passed_time":0.5492017497,"remaining_time":0.5426506354},
{"learn":[3.906706036],"iteration":503,"passed_time":0.5500174947,"remaining_time":0.5412870583},
{"learn":[3.903895664],"iteration":504,"passed_time":0.5507950287,"remaining_time":0.5398881965},
{"learn":[3.902982967],"iteration":505,"passed_time":0.5515838637,"remaining_time":0.5385028235},
{"learn":[3.900905528],"iteration":506,"passed_time":0.5523623495,"remaining_time":0.5371097403},
{"learn":[3.897463465],"iteration":507,"passed_time":0.5531620848,"remaining_time":0.5357396569},
{"learn":[3.895918033],"iteration":508,"passed_time":0.5539378555,"remaining_time":0.5343486976},
{"learn":[3.893921936],"iteration":509,"passed_time":0.554722102,"remaining_time":0.5329682941},
{"learn":[3.890237934],"iteration":510,"passed_time":0.5555392095,"remaining_time":0.5316216702},
{"learn":[3.887311613],"iteration":511,"passed_time":0.5564305681,"remaining_time":0.5303478852},
{"learn":[3.884869735],"iteration":512,"passed_time":0.5573274938,"remaining_time":0.5290808762},
{"learn":[3.882101231],"iteration":513,"passed_time":0.558159551,"remaining_time":0.5277539724},
{"learn":[3.88060368],"iteration":514,"passed_time":0.5589798044,"remaining_time":0.526417874},
{"learn":[3.877726076],"iteration":515,"passed_time":0.5597767645,"remaining_time":0.5250619264},
{"learn":[3.874938145],"iteration":516,"passed_time":0.5605920186,"remaining_time":0.523725232},
{"learn":[3.874340833],"iteration":517,"passed_time":0.5614011613,"remaining_time":0.5223848644},
{"learn":[3.873105224],"iteration":518,"passed_time":0.5622355309,"remaining_time":0.5210699236},
{"learn":[3.869800236],"iteration":519,"passed_time":0.5630562451,"remaining_time":0.5197442262},
{"learn":[3.867932518],"iteration":520,"passed_time":0.5638347509,"remaining_time":0.5183816616},
{"learn":[3.866666962],"iteration":521,"passed_time":0.5646210713,"remaining_time":0.5170284905},
{"learn":[3.865527652],"iteration":522,"passed_time":0.5654191735,"remaining_time":0.5156882328},
{"learn":[3.861900081],"iteration":523,"passed_time":0.5662147911,"remaining_time":0.5143477873},
{"learn":[3.858502887],"iteration":524,"passed_time":0.5670608223,"remaining_time":0.5130550297},
{"learn":[3.858335097],"iteration":525,"passed_time":0.5678341986,"remaining_time":0.5116984984},
{"learn":[3.855719306],"iteration":526,"passed_time":0.5687018701,"remaining_time":0.5104288132},
{"learn":[3.855137428],"iteration":527,"passed_time":0.5695071256,"remaining_time":0.5091048547},
{"learn":[3.851985706],"iteration":528,"passed_time":0.5703822158,"remaining_time":0.5078450352},
{"learn":[3.851051809],"iteration":529,"passed_time":0.5712106343,"remaining_time":0.5065452795},
{"learn":[3.850679146],"iteration":530,"passed_time":0.5719942396,"remaining_time":0.5052077182},
{"learn":[3.848179484],"iteration":531,"passed_time":0.5728092633,"remaining_time":0.5038998782},
{"learn":[3.844551071],"iteration":532,"passed_time":0.573635117,"remaining_time":0.5026033764},
{"learn":[3.841604794],"iteration":533,"passed_time":0.5744581756,"remaining_time":0.5013061982},
{"learn":[3.83969656],"iteration":534,"passed_time":0.5753049181,"remaining_time":0.5000313775},
{"learn":[3.836811463],"iteration":535,"passed_time":0.5761201322,"remaining_time":0.4987308607},
{"learn":[3.834182551],"iteration":536,"passed_time":0.5769424193,"remaining_time":0.4974382498},
{"learn":[3.828012842],"iteration":537,"passed_time":0.5778508464,"remaining_time":0.4962213588},
{"learn":[3.826636176],"iteration":538,"passed_time":0.5787097215,"remaining_time":0.4949632312},
{"learn":[3.826189798],"iteration":539,"passed_time":0.579517682,"remaining_time":0.4936632106},
{"learn":[3.824104738],"iteration":540,"passed_time":0.5803359417,"remaining_time":0.4923737472},
{"learn":[3.82300218],"iteration":541,"passed_time":0.5811309882,"remaining_time":0.491066407},
{"learn":[3.817146402],"iteration":542,"passed_time":0.5819947524,"remaining_time":0.4898187879},
{"learn":[3.814638044],"iteration":543,"passed_time":0.5828013905,"remaining_time":0.488524695},
{"learn":[3.812979573],"iteration":544,"passed_time":0.5836317627,"remaining_time":0.4872522055},
{"learn":[3.811938825],"iteration":545,"passed_time":0.5844163798,"remaining_time":0.4859432902},
{"learn":[3.811479418],"iteration":546,"passed_time":0.5852673502,"remaining_time":0.4846912425},
{"learn":[3.80742981],"iteration":547,"passed_time":0.5861131799,"remaining_time":0.4834364184},
{"learn":[3.805097043],"iteration":548,"passed_time":0.5869440329,"remaining_time":0.4821707811},
{"learn":[3.801577232],"iteration":549,"passed_time":0.5877785928,"remaining_time":0.4809097578},
{"learn":[3.799762083],"iteration":550,"passed_time":0.5885849003,"remaining_time":0.47962726},
{"learn":[3.796393455],"iteration":551,"passed_time":0.5894012264,"remaining_time":0.4783546185},
{"learn":[3.793486459],"iteration":552,"passed_time":0.5902099483,"remaining_time":0.4770774808},
{"learn":[3.792006091],"iteration":553,"passed_time":0.5910532645,"remaining_time":0.4758298844},
{"learn":[3.78932128],"iteration":554,"passed_time":0.5918729869,"remaining_time":0.4745648273},
{"learn":[3.787581812],"iteration":555,"passed_time":0.5926926993,"remaining_time":0.4733013641},
{"learn":[3.785308865],"iteration":556,"passed_time":0.5934997581,"remaining_time":0.4720294306},
{"learn":[3.78465475],"iteration":557,"passed_time":0.5942798769,"remaining_time":0.4707378237},
{"learn":[3.780498869],"iteration":558,"passed_time":0.5951046086,"remaining_time":0.4694832422},
{"learn":[3.778734909],"iteration":559,"passed_time":0.5959167669,"remaining_time":0.4682203169},
{"learn":[3.778652349],"iteration":560,"passed_time":0.5967058123,"remaining_time":0.466940912},
{"learn":[3.777928006],"iteration":561,"passed_time":0.5974945171,"remaining_time":0.4656629867},
{"learn":[3.776131406],"iteration":562,"passed_time":0.5983238774,"remaining_time":0.464418356},
{"learn":[3.772925617],"iteration":563,"passed_time":0.599178735,"remaining_time":0.4631949086},
{"learn":[3.7727745],"iteration":564,"passed_time":0.6000355425,"remaining_time":0.4619742673},
{"learn":[3.771763073],"iteration":565,"passed_time":0.6008975635,"remaining_time":0.4607589091},
{"learn":[3.768738162],"iteration":566,"passed_time":0.6017390262,"remaining_time":0.4595290976},
{"learn":[3.767220794],"iteration":567,"passed_time":0.6026199172,"remaining_time":0.4583306412},
{"learn":[3.766691102],"iteration":568,"passed_time":0.6034422945,"remaining_time":0.4570889788},
{"learn":[3.766259335],"iteration":569,"passed_time":0.6042153101,"remaining_time":0.4558115498},
{"learn":[3.76116362],"iteration":570,"passed_time":0.6050213872,"remaining_time":0.454560727},
{"learn":[3.758633056],"iteration":571,"passed_time":0.6058347077,"remaining_time":0.4533168792},
{"learn":[3.754603809],"iteration":572,"passed_time":0.6066632865,"remaining_time":0.4520859046},
{"learn":[3.754070549],"iteration":573,"passed_time":0.6074513801,"remaining_time":0.4508262856},
{"learn":[3.750534319],"iteration":574,"passed_time":0.6082461762,"remaining_time":0.4495732607},
{"learn":[3.746491516],"iteration":575,"passed_time":0.609086607,"remaining_time":0.4483554191},
{"learn":[3.744210544],"iteration":576,"passed_time":0.6099203455,"remaining_time":0.4471339794},
{"learn":[3.742929991],"iteration":577,"passed_time":0.6107488642,"remaining_time":0.4459100704},
{"learn":[3.740402992],"iteration":578,"passed_time":0.6115702096,"remaining_time":0.4446823113},
{"learn":[3.739644243],"iteration":579,"passed_time":0.6123618798,"remaining_time":0.4434344647},
{"learn":[3.737529404],"iteration":580,"passed_time":0.6132897017,"remaining_time":0.442286377},
{"learn":[3.737196923],"iteration":581,"passed_time":0.6141521535,"remaining_time":0.4410920965},
{"learn":[3.733954464],"iteration":582,"passed_time":0.615015597,"remaining_time":0.4398996637},
{"learn":[3.731608623],"iteration":583,"passed_time":0.6158481833,"remaining_time":0.4386863771},
{"learn":[3.729843952],"iteration":584,"passed_time":0.6166914594,"remaining_time":0.4374819755},
{"learn":[3.727223798],"iteration":585,"passed_time":0.6175164716,"remaining_time":0.4362659032},
{"learn":[3.725351667],"iteration":586,"passed_time":0.6183285398,"remaining_time":0.4350420561},
{"learn":[3.725026912],"iteration":587,"passed_time":0.6191136779,"remaining_time":0.4338007403},
{"learn":[3.721974565],"iteration":588,"passed_time":0.6199357346,"remaining_time":0.432586735},
{"learn":[3.720269493],"iteration":589,"passed_time":0.6207502073,"remaining_time":0.4313687881},
{"learn":[3.718907466],"iteration":590,"passed_time":0.6215663831,"remaining_time":0.4301533852},
{"learn":[3.715602912],"iteration":591,"passed_time":0.6224797256,"remaining_time":0.4290062973},
{"learn":[3.714463059],"iteration":592,"passed_time":0.6233238833,"remaining_time":0.4278125135},
{"learn":[3.710802077],"iteration":593,"passed_time":0.6241898065,"remaining_time":0.4266347836},
{"learn":[3.708032435],"iteration":594,"passed_time":0.6250372704,"remaining_time":0.425445537},
{"learn":[3.703788939],"iteration":595,"passed_time":0.625854398,"remaining_time":0.4242368738},
{"learn":[3.702500944],"iteration":596,"passed_time":0.626650777,"remaining_time":0.4230155161},
{"learn":[3.698196925],"iteration":597,"passed_time":0.6274765807,"remaining_time":0.4218153602},
{"learn":[3.69658891],"iteration":598,"passed_time":0.6283148575,"remaining_time":0.4206248044},
{"learn":[3.696124066],"iteration":599,"passed_time":0.6291281379,"remaining_time":0.4194187586},
{"learn":[3.693537052],"iteration":600,"passed_time":0.629932081,"remaining_time":0.4182078208},
{"learn":[3.691343275],"iteration":601,"passed_time":0.6307493688,"remaining_time":0.4170070578},
{"learn":[3.690973831],"iteration":602,"passed_time":0.6316514642,"remaining_time":0.4158634018},
{"learn":[3.686151073],"iteration":603,"passed_time":0.6324578819,"remaining_time":0.4146578166},
{"learn":[3.683921982],"iteration":604,"passed_time":0.6332465265,"remaining_time":0.4134419471},
{"learn":[3.679975271],"iteration":605,"passed_time":0.6340335181,"remaining_time":0.4122264128},
{"learn":[3.674047638],"iteration":606,"passed_time":0.6348229242,"remaining_time":0.4110138537},
{"learn":[3.673151794],"iteration":607,"passed_time":0.6356263964,"remaining_time":0.4098117556},
{"learn":[3.670953108],"iteration":608,"passed_time":0.6364228556,"remaining_time":0.4086064639},
{"learn":[3.6703947],"iteration":609,"passed_time":0.6372095265,"remaining_time":0.4073962547},
{"learn":[3.668433805],"iteration":610,"passed_time":0.6380721373,"remaining_time":0.4062357797},
{"learn":[3.668304956],"iteration":611,"passed_time":0.638843029,"remaining_time":0.4050181295},
{"learn":[3.667880012],"iteration":612,"passed_time":0.6397211999,"remaining_time":0.4038696646},
{"learn":[3.667282264],"iteration":613,"passed_time":0.6405658386,"remaining_time":0.4027009995},
{"learn":[3.664611483],"iteration":614,"passed_time":0.6413923335,"remaining_time":0.4015220299},
{"learn":[3.662543394],"iteration":615,"passed_time":0.6421912974,"remaining_time":0.4003270425},
{"learn":[3.659041959],"iteration":616,"passed_time":0.6430096372,"remaining_time":0.3991453664},
{"learn":[3.656868545],"iteration":617,"passed_time":0.6438185595,"remaining_time":0.3979590449},
{"learn":[3.654785614],"iteration":618,"passed_time":0.6446180743,"remaining_time":0.3967681524},
{"learn":[3.654566096],"iteration":619,"passed_time":0.6453804803,"remaining_time":0.3955557782},
{"learn":[3.651007045],"iteration":620,"passed_time":0.6461769996,"remaining_time":0.3943656728},
{"learn":[3.648921786],"iteration":621,"passed_time":0.647118865,"remaining_time":0.3932651624},
{"learn":[3.647655706],"iteration":622,"passed_time":0.6480171132,"remaining_time":0.3921387668},
{"learn":[3.647241144],"iteration":623,"passed_time":0.6489267426,"remaining_time":0.3910199603},
{"learn":[3.644195689],"iteration":624,"passed_time":0.6497320582,"remaining_time":0.3898392349},
{"learn":[3.642632246],"iteration":625,"passed_time":0.6505316131,"remaining_time":0.3886562673},
{"learn":[3.642523322],"iteration":626,"passed_time":0.6511332305,"remaining_time":0.3873567703},
{"learn":[3.641494659],"iteration":627,"passed_time":0.6519230874,"remaining_time":0.3861710008},
{"learn":[3.63976496],"iteration":628,"passed_time":0.6527326809,"remaining_time":0.3849981314},
{"learn":[3.637945652],"iteration":629,"passed_time":0.6535625121,"remaining_time":0.3838383007},
{"learn":[3.636233667],"iteration":630,"passed_time":0.6544149853,"remaining_time":0.3826927568},
{"learn":[3.635304404],"iteration":631,"passed_time":0.6551907059,"remaining_time":0.381503449},
{"learn":[3.632234951],"iteration":632,"passed_time":0.6559947392,"remaining_time":0.380331863},
{"learn":[3.631630987],"iteration":633,"passed_time":0.6568046233,"remaining_time":0.3791648141},
{"learn":[3.630301009],"iteration":634,"passed_time":0.6575947307,"remaining_time":0.3779875224},
{"learn":[3.629077964],"iteration":635,"passed_time":0.658372455,"remaining_time":0.3768043611},
{"learn":[3.628004522],"iteration":636,"passed_time":0.6592092692,"remaining_time":0.3756561455},
{"learn":[3.625062876],"iteration":637,"passed_time":0.6600120701,"remaining_time":0.3744896072},
{"learn":[3.624917986],"iteration":638,"passed_time":0.6607844145,"remaining_time":0.373307001},
{"learn":[3.622887087],"iteration":639,"passed_time":0.6616069822,"remaining_time":0.3721539275},
{"learn":[3.621220865],"iteration":640,"passed_time":0.6624483047,"remaining_time":0.371012389},
{"learn":[3.621143844],"iteration":641,"passed_time":0.6632143874,"remaining_time":0.3698298297},
{"learn":[3.620822821],"iteration":642,"passed_time":0.6640004673,"remaining_time":0.3686596685},
{"learn":[3.619202826],"iteration":643,"passed_time":0.664792919,"remaining_time":0.3674942223},
{"learn":[3.618204882],"iteration":644,"passed_time":0.6655834372,"remaining_time":0.3663288685},
{"learn":[3.614259666],"iteration":645,"passed_time":0.6663893639,"remaining_time":0.3651731189},
{"learn":[3.613415661],"iteration":646,"passed_time":0.6672060306,"remaining_time":0.3640243104},
{"learn":[3.611096773],"iteration":647,"passed_time":0.6680293297,"remaining_time":0.3628801297},
{"learn":[3.610820695],"iteration":648,"passed_time":0.6689056972,"remaining_time":0.361765639},
{"learn":[3.609290065],"iteration":649,"passed_time":0.6697363599,"remaining_time":0.3606272707},
{"learn":[3.60897947],"iteration":650,"passed_time":0.6705375178,"remaining_time":0.3594740303},
{"learn":[3.606570702],"iteration":651,"passed_time":0.6713983966,"remaining_time":0.3583537455},
{"learn":[3.606292637],"iteration":652,"passed_time":0.6722594758,"remaining_time":0.3572343616},
{"learn":[3.602753838],"iteration":653,"passed_time":0.6731492583,"remaining_time":0.3561309532},
{"learn":[3.599755869],"iteration":654,"passed_time":0.6739681993,"remaining_time":0.3549908836},
{"learn":[3.599509575],"iteration":655,"passed_time":0.6747936322,"remaining_time":0.3538551974},
{"learn":[3.595337722],"iteration":656,"passed_time":0.6757400299,"remaining_time":0.3527836077},
{"learn":[3.595168561],"iteration":657,"passed_time":0.6765308686,"remaining_time":0.3516315457},
{"learn":[3.59290559],"iteration":658,"passed_time":0.6773615814,"remaining_time":0.3505012128},
{"learn":[3.592015928],"iteration":659,"passed_time":0.6781808529,"remaining_time":0.3493658939},
{"learn":[3.590680403],"iteration":660,"passed_time":0.6789982911,"remaining_time":0.348230591},
{"learn":[3.590361532],"iteration":661,"passed_time":0.6797937384,"remaining_time":0.3470850205},
{"learn":[3.589069739],"iteration":662,"passed_time":0.6806224074,"remaining_time":0.3459573926},
{"learn":[3.585010186],"iteration":663,"passed_time":0.6814484615,"remaining_time":0.344829342},
{"learn":[3.582997552],"iteration":664,"passed_time":0.6822909161,"remaining_time":0.3437104615},
{"learn":[3.582119256],"iteration":665,"passed_time":0.6831550309,"remaining_time":0.3426032738},
{"learn":[3.579019356],"iteration":666,"passed_time":0.6840531288,"remaining_time":0.341513781},
{"learn":[3.57719559],"iteration":667,"passed_time":0.6848823188,"remaining_time":0.3403906135},
{"learn":[3.574050046],"iteration":668,"passed_time":0.685762804,"remaining_time":0.3392937042},
{"learn":[3.572204518],"iteration":669,"passed_time":0.6866030345,"remaining_time":0.338177614},
{"learn":[3.569508025],"iteration":670,"passed_time":0.6874362018,"remaining_time":0.3370588829},
{"learn":[3.566268704],"iteration":671,"passed_time":0.6882618452,"remaining_time":0.3359373292},
{"learn":[3.562564052],"iteration":672,"passed_time":0.6891804312,"remaining_time":0.3348618143},
{"learn":[3.561173586],"iteration":673,"passed_time":0.6900117952,"remaining_time":0.3337445775},
{"learn":[3.559551904],"iteration":674,"passed_time":0.690877523,"remaining_time":0.3326447333},
{"learn":[3.558593054],"iteration":675,"passed_time":0.6917158099,"remaining_time":0.3315324296},
{"learn":[3.555647008],"iteration":676,"passed_time":0.6925502696,"remaining_time":0.3304191094},
{"learn":[3.553100059],"iteration":677,"passed_time":0.6934070508,"remaining_time":0.3293172129},
{"learn":[3.55085578],"iteration":678,"passed_time":0.6942514891,"remaining_time":0.3282102032},
{"learn":[3.550737965],"iteration":679,"passed_time":0.6950448225,"remaining_time":0.3270799165},
{"learn":[3.549408772],"iteration":680,"passed_time":0.6958687426,"remaining_time":0.325964947},
{"learn":[3.547390589],"iteration":681,"passed_time":0.6967319746,"remaining_time":0.3248691612},
{"learn":[3.54723575],"iteration":682,"passed_time":0.6976137065,"remaining_time":0.3237826427},
{"learn":[3.543988891],"iteration":683,"passed_time":0.698481398,"remaining_time":0.3226902365},
{"learn":[3.543868508],"iteration":684,"passed_time":0.6993268237,"remaining_time":0.3215882474},
{"learn":[3.542752124],"iteration":685,"passed_time":0.7001850676,"remaining_time":0.3204928735},
{"learn":[3.541334315],"iteration":686,"passed_time":0.7010113121,"remaining_time":0.3193836109},
{"learn":[3.540208266],"iteration":687,"passed_time":0.7018440587,"remaining_time":0.3182781196},
{"learn":[3.537730983],"iteration":688,"passed_time":0.7026909615,"remaining_time":0.3171798099},
{"learn":[3.53419867],"iteration":689,"passed_time":0.7035437653,"remaining_time":0.3160848801},
{"learn":[3.532628335],"iteration":690,"passed_time":0.7043787461,"remaining_time":0.3149826809},
{"learn":[3.532204987],"iteration":691,"passed_time":0.7052355874,"remaining_time":0.313890984},
{"learn":[3.530618147],"iteration":692,"passed_time":0.7060482667,"remaining_time":0.312780401},
{"learn":[3.528909306],"iteration":693,"passed_time":0.7068923743,"remaining_time":0.3116845339},
{"learn":[3.526700678],"iteration":694,"passed_time":0.7077398883,"remaining_time":0.3105908862},
{"learn":[3.526439574],"iteration":695,"passed_time":0.7085362072,"remaining_time":0.3094755848},
{"learn":[3.525784216],"iteration":696,"passed_time":0.7093670703,"remaining_time":0.3083762156},
{"learn":[3.524112693],"iteration":697,"passed_time":0.7102019508,"remaining_time":0.3072793541},
{"learn":[3.522813541],"iteration":698,"passed_time":0.7110162231,"remaining_time":0.3061743679},
{"learn":[3.519148203],"iteration":699,"passed_time":0.7118300044,"remaining_time":0.3050700019},
{"learn":[3.517236747],"iteration":700,"passed_time":0.7126973553,"remaining_time":0.3039893142},
{"learn":[3.515603888],"iteration":701,"passed_time":0.7135366239,"remaining_time":0.3028973133},
{"learn":[3.51263524],"iteration":702,"passed_time":0.7143691902,"remaining_time":0.3018031998},
{"learn":[3.51123442],"iteration":703,"passed_time":0.7152048522,"remaining_time":0.300711131},
{"learn":[3.50828027],"iteration":704,"passed_time":0.7160772924,"remaining_time":0.2996351791},
{"learn":[3.508265537],"iteration":705,"passed_time":0.716574035,"remaining_time":0.2984033517},
{"learn":[3.506774876],"iteration":706,"passed_time":0.7173692418,"remaining_time":0.2972972954},
{"learn":[3.50552068],"iteration":707,"passed_time":0.7181688268,"remaining_time":0.2961939229},
{"learn":[3.501973993],"iteration":708,"passed_time":0.7189557783,"remaining_time":0.2950862221},
{"learn":[3.498880354],"iteration":709,"passed_time":0.7197653018,"remaining_time":0.2939886444},
{"learn":[3.497370959],"iteration":710,"passed_time":0.7205566615,"remaining_time":0.2928844939},
{"learn":[3.496050455],"iteration":711,"passed_time":0.7213715248,"remaining_time":0.2917907291},
{"learn":[3.495630067],"iteration":712,"passed_time":0.7221446406,"remaining_time":0.2906809423},
{"learn":[3.49550669],"iteration":713,"passed_time":0.7229343673,"remaining_time":0.2895787522},
{"learn":[3.493652375],"iteration":714,"passed_time":0.7237288428,"remaining_time":0.2884793289},
{"learn":[3.491915684],"iteration":715,"passed_time":0.7245129089,"remaining_time":0.2873766287},
{"learn":[3.490303956],"iteration":716,"passed_time":0.7253998224,"remaining_time":0.2863154111},
{"learn":[3.488363853],"iteration":717,"passed_time":0.7263043159,"remaining_time":0.2852615837},
{"learn":[3.485483936],"iteration":718,"passed_time":0.727129238,"remaining_time":0.2841770735},
{"learn":[3.483763466],"iteration":719,"passed_time":0.7279262682,"remaining_time":0.2830824376},
{"learn":[3.481642352],"iteration":720,"passed_time":0.7287171971,"remaining_time":0.2819862663},
{"learn":[3.479826119],"iteration":721,"passed_time":0.7295303773,"remaining_time":0.2808995082},
{"learn":[3.478588728],"iteration":722,"passed_time":0.7303215567,"remaining_time":0.2798050777},
{"learn":[3.475390887],"iteration":723,"passed_time":0.7311175049,"remaining_time":0.278713303},
{"learn":[3.472636852],"iteration":724,"passed_time":0.7318985354,"remaining_time":0.2776166859},
{"learn":[3.47061883],"iteration":725,"passed_time":0.7326940629,"remaining_time":0.2765264094},
{"learn":[3.46953149],"iteration":726,"passed_time":0.7334717772,"remaining_time":0.2754302547},
{"learn":[3.467217162],"iteration":727,"passed_time":0.7342583781,"remaining_time":0.2743382951},
{"learn":[3.465686216],"iteration":728,"passed_time":0.7350723298,"remaining_time":0.2732573407},
{"learn":[3.462631216],"iteration":729,"passed_time":0.7358513165,"remaining_time":0.2721641855},
{"learn":[3.461451053],"iteration":730,"passed_time":0.7366222783,"remaining_time":0.2710689369},
{"learn":[3.458950469],"iteration":731,"passed_time":0.7374175252,"remaining_time":0.2699834655},
{"learn":[3.458072145],"iteration":732,"passed_time":0.7382047773,"remaining_time":0.2688958739},
{"learn":[3.454364268],"iteration":733,"passed_time":0.7390113252,"remaining_time":0.2678160933},
{"learn":[3.453243406],"iteration":734,"passed_time":0.7398015728,"remaining_time":0.2667311793},
{"learn":[3.453017963],"iteration":735,"passed_time":0.7406393888,"remaining_time":0.2656641286},
{"learn":[3.45201581],"iteration":736,"passed_time":0.7414732875,"remaining_time":0.2645963021},
{"learn":[3.449510107],"iteration":737,"passed_time":0.7423037899,"remaining_time":0.2635279037},
{"learn":[3.447189189],"iteration":738,"passed_time":0.7432082397,"remaining_time":0.262486266},
{"learn":[3.446423605],"iteration":739,"passed_time":0.744096195,"remaining_time":0.2614392037},
{"learn":[3.445531987],"iteration":740,"passed_time":0.7449930857,"remaining_time":0.2603956939},
{"learn":[3.445328199],"iteration":741,"passed_time":0.7457808888,"remaining_time":0.2593146487},
{"learn":[3.443327544],"iteration":742,"passed_time":0.746594069,"remaining_time":0.2582431706},
{"learn":[3.441475798],"iteration":743,"passed_time":0.7475669947,"remaining_time":0.257227353},
{"learn":[3.439046501],"iteration":744,"passed_time":0.7483976073,"remaining_time":0.2561629394},
{"learn":[3.435899469],"iteration":745,"passed_time":0.7492074714,"remaining_time":0.2550920881},
{"learn":[3.433988352],"iteration":746,"passed_time":0.7500005442,"remaining_time":0.2540162486},
{"learn":[3.433413263],"iteration":747,"passed_time":0.7508195353,"remaining_time":0.2529498969},
{"learn":[3.429944699],"iteration":748,"passed_time":0.7516489356,"remaining_time":0.251887694},
{"learn":[3.429291634],"iteration":749,"passed_time":0.75243741,"remaining_time":0.25081247},
{"learn":[3.429175603],"iteration":750,"passed_time":0.7532254635,"remaining_time":0.2497378701},
{"learn":[3.428780323],"iteration":751,"passed_time":0.754119936,"remaining_time":0.2486991278},
{"learn":[3.423893341],"iteration":752,"passed_time":0.7549769676,"remaining_time":0.2476484874},
{"learn":[3.421024316],"iteration":753,"passed_time":0.7558253733,"remaining_time":0.2465955462},
{"learn":[3.420969872],"iteration":754,"passed_time":0.7566261405,"remaining_time":0.245527688},
{"learn":[3.419544785],"iteration":755,"passed_time":0.7574774515,"remaining_time":0.2444768494},
{"learn":[3.417057977],"iteration":756,"passed_time":0.7583610425,"remaining_time":0.2434369},
{"learn":[3.415160245],"iteration":757,"passed_time":0.7592992649,"remaining_time":0.2424148049},
{"learn":[3.412854597],"iteration":758,"passed_time":0.7601420502,"remaining_time":0.2413626273},
{"learn":[3.410926347],"iteration":759,"passed_time":0.7609648182,"remaining_time":0.2403046794},
{"learn":[3.408963843],"iteration":760,"passed_time":0.7618111199,"remaining_time":0.2392547407},
{"learn":[3.407629634],"iteration":761,"passed_time":0.7626541957,"remaining_time":0.2382043288},
{"learn":[3.404384724],"iteration":762,"passed_time":0.763478206,"remaining_time":0.2371485384},
{"learn":[3.403041656],"iteration":763,"passed_time":0.7643025971,"remaining_time":0.2360934724},
{"learn":[3.401101731],"iteration":764,"passed_time":0.7651442802,"remaining_time":0.2350443214},
{"learn":[3.400890668],"iteration":765,"passed_time":0.7659459892,"remaining_time":0.2339835006},
{"learn":[3.399289941],"iteration":766,"passed_time":0.7667552321,"remaining_time":0.2329256442},
{"learn":[3.399202366],"iteration":767,"passed_time":0.7675268451,"remaining_time":0.2318570678},
{"learn":[3.397447845],"iteration":768,"passed_time":0.7684101055,"remaining_time":0.2308228015},
{"learn":[3.394655341],"iteration":769,"passed_time":0.7693664146,"remaining_time":0.2298107472},
{"learn":[3.393228229],"iteration":770,"passed_time":0.7702612565,"remaining_time":0.2287805807},
{"learn":[3.389691197],"iteration":771,"passed_time":0.7711127078,"remaining_time":0.22773795},
{"learn":[3.389626772],"iteration":772,"passed_time":0.7719187949,"remaining_time":0.2266824922},
{"learn":[3.388480222],"iteration":773,"passed_time":0.772919345,"remaining_time":0.2256844599},
{"learn":[3.388215066],"iteration":774,"passed_time":0.773756089,"remaining_time":0.2246388645},
{"learn":[3.386324358],"iteration":775,"passed_time":0.7745688684,"remaining_time":0.2235868899},
{"learn":[3.383913061],"iteration":776,"passed_time":0.7753773499,"remaining_time":0.2225342973},
{"learn":[3.382839768],"iteration":777,"passed_time":0.7761822448,"remaining_time":0.2214813089},
{"learn":[3.381961844],"iteration":778,"passed_time":0.7769990718,"remaining_time":0.2204323426},
{"learn":[3.381521703],"iteration":779,"passed_time":0.7777986167,"remaining_time":0.219379097},
{"learn":[3.380918963],"iteration":780,"passed_time":0.7785839352,"remaining_time":0.2183225119},
{"learn":[3.377139006],"iteration":781,"passed_time":0.7793996601,"remaining_time":0.2172750971},
{"learn":[3.376004372],"iteration":782,"passed_time":0.7801937549,"remaining_time":0.2162222795},
{"learn":[3.373826468],"iteration":783,"passed_time":0.7810633499,"remaining_time":0.2151909229},
{"learn":[3.373546786],"iteration":784,"passed_time":0.781894764,"remaining_time":0.2141495214},
{"learn":[3.372109181],"iteration":785,"passed_time":0.7828980723,"remaining_time":0.2131554548},
{"learn":[3.370764924],"iteration":786,"passed_time":0.7837328927,"remaining_time":0.2121157639},
{"learn":[3.367833107],"iteration":787,"passed_time":0.7845873584,"remaining_time":0.2110818781},
{"learn":[3.36450404],"iteration":788,"passed_time":0.7854297629,"remaining_time":0.2100452218},
{"learn":[3.361794558],"iteration":789,"passed_time":0.7862408292,"remaining_time":0.2090007267},
{"learn":[3.356880529],"iteration":790,"passed_time":0.7870690373,"remaining_time":0.2079613512},
{"learn":[3.353843509],"iteration":791,"passed_time":0.7878693938,"remaining_time":0.2069151943},
{"learn":[3.353640253],"iteration":792,"passed_time":0.7886341541,"remaining_time":0.2058603656},
{"learn":[3.353055088],"iteration":793,"passed_time":0.7894033927,"remaining_time":0.2048074293},
{"learn":[3.351415617],"iteration":794,"passed_time":0.790202066,"remaining_time":0.2037627969},
{"learn":[3.349169061],"iteration":795,"passed_time":0.791015687,"remaining_time":0.2027226133},
{"learn":[3.346211014],"iteration":796,"passed_time":0.7918088601,"remaining_time":0.20167779},
{"learn":[3.344560452],"iteration":797,"passed_time":0.792590111,"remaining_time":0.2006305795},
{"learn":[3.344445461],"iteration":798,"passed_time":0.7933312775,"remaining_time":0.1995739509},
{"learn":[3.342608898],"iteration":799,"passed_time":0.7941520318,"remaining_time":0.1985380079},
{"learn":[3.339572899],"iteration":800,"passed_time":0.7949389733,"remaining_time":0.1974942019},
{"learn":[3.339309302],"iteration":801,"passed_time":0.7956997462,"remaining_time":0.1964445757},
{"learn":[3.33698088],"iteration":802,"passed_time":0.7965390662,"remaining_time":0.195414939},
{"learn":[3.334746342],"iteration":803,"passed_time":0.7973764013,"remaining_time":0.1943852919},
{"learn":[3.332048511],"iteration":804,"passed_time":0.7981625313,"remaining_time":0.1933437188},
{"learn":[3.331932544],"iteration":805,"passed_time":0.7989477396,"remaining_time":0.1923025577},
{"learn":[3.330541133],"iteration":806,"passed_time":0.7997222379,"remaining_time":0.1912594695},
{"learn":[3.329124989],"iteration":807,"passed_time":0.8005227546,"remaining_time":0.1902232288},
{"learn":[3.32583918],"iteration":808,"passed_time":0.8013229007,"remaining_time":0.1891874833},
{"learn":[3.325287299],"iteration":809,"passed_time":0.8020953753,"remaining_time":0.1881458288},
{"learn":[3.322745162],"iteration":810,"passed_time":0.8028699338,"remaining_time":0.1871053237},
{"learn":[3.319733662],"iteration":811,"passed_time":0.803656184,"remaining_time":0.1860681805},
{"learn":[3.318080007],"iteration":812,"passed_time":0.8044564503,"remaining_time":0.1850348785},
{"learn":[3.317179538],"iteration":813,"passed_time":0.8052368897,"remaining_time":0.1839976185},
{"learn":[3.315685949],"iteration":814,"passed_time":0.8060372261,"remaining_time":0.1829655053},
{"learn":[3.314944576],"iteration":815,"passed_time":0.8068155716,"remaining_time":0.1819290014},
{"learn":[3.312369052],"iteration":816,"passed_time":0.8076284412,"remaining_time":0.1809008626},
{"learn":[3.312321621],"iteration":817,"passed_time":0.8082310203,"remaining_time":0.1798264617},
{"learn":[3.309465776],"iteration":818,"passed_time":0.8090198754,"remaining_time":0.1787943803},
{"learn":[3.308307377],"iteration":819,"passed_time":0.8098020781,"remaining_time":0.1777614318},
{"learn":[3.308076804],"iteration":820,"passed_time":0.8105576112,"remaining_time":0.1767232794},
{"learn":[3.305643326],"iteration":821,"passed_time":0.8114027007,"remaining_time":0.1757052077},
{"learn":[3.304154814],"iteration":822,"passed_time":0.8122426807,"remaining_time":0.1746864575},
{"learn":[3.303076321],"iteration":823,"passed_time":0.8131049953,"remaining_time":0.1736729116},
{"learn":[3.301746372],"iteration":824,"passed_time":0.8139613658,"remaining_time":0.1726584715},
{"learn":[3.301345455],"iteration":825,"passed_time":0.8148521771,"remaining_time":0.1716516693},
{"learn":[3.299181039],"iteration":826,"passed_time":0.8156572923,"remaining_time":0.1706272208},
{"learn":[3.297989357],"iteration":827,"passed_time":0.8164660243,"remaining_time":0.1696040534},
{"learn":[3.294775182],"iteration":828,"passed_time":0.8172706286,"remaining_time":0.1685805519},
{"learn":[3.293840636],"iteration":829,"passed_time":0.8180832979,"remaining_time":0.1675592297},
{"learn":[3.289279397],"iteration":830,"passed_time":0.8188987723,"remaining_time":0.1665389802},
{"learn":[3.286204979],"iteration":831,"passed_time":0.8196909536,"remaining_time":0.1655145195},
{"learn":[3.284833593],"iteration":832,"passed_time":0.8204791474,"remaining_time":0.1644898171},
{"learn":[3.283519914],"iteration":833,"passed_time":0.8212904241,"remaining_time":0.1634702763},
{"learn":[3.282853026],"iteration":834,"passed_time":0.8221239421,"remaining_time":0.1624556293},
{"learn":[3.281944673],"iteration":835,"passed_time":0.8229597042,"remaining_time":0.1614418559},
{"learn":[3.279764865],"iteration":836,"passed_time":0.8237788656,"remaining_time":0.1604252749},
{"learn":[3.277468839],"iteration":837,"passed_time":0.8246054507,"remaining_time":0.1594106003},
{"learn":[3.277124974],"iteration":838,"passed_time":0.8255030477,"remaining_time":0.1584100008},
{"learn":[3.275636037],"iteration":839,"passed_time":0.8263336904,"remaining_time":0.1573968934},
{"learn":[3.274413635],"iteration":840,"passed_time":0.8271386253,"remaining_time":0.1563793596},
{"learn":[3.272636087],"iteration":841,"passed_time":0.8279648097,"remaining_time":0.1553663182},
{"learn":[3.269644466],"iteration":842,"passed_time":0.8287800237,"remaining_time":0.154351677},
{"learn":[3.26852083],"iteration":843,"passed_time":0.8295949772,"remaining_time":0.1533374602},
{"learn":[3.267820927],"iteration":844,"passed_time":0.8304037793,"remaining_time":0.1523225867},
{"learn":[3.267331099],"iteration":845,"passed_time":0.8312063298,"remaining_time":0.1513070624},
{"learn":[3.267231014],"iteration":846,"passed_time":0.8319664414,"remaining_time":0.1502843749},
{"learn":[3.267158695],"iteration":847,"passed_time":0.8327352993,"remaining_time":0.1492638744},
{"learn":[3.264718705],"iteration":848,"passed_time":0.8335501026,"remaining_time":0.1482521384},
{"learn":[3.261678512],"iteration":849,"passed_time":0.8343756458,"remaining_time":0.147242761},
{"learn":[3.261368381],"iteration":850,"passed_time":0.8351693398,"remaining_time":0.1462282393},
{"learn":[3.260128799],"iteration":851,"passed_time":0.8359913665,"remaining_time":0.1452191576},
{"learn":[3.258972952],"iteration":852,"passed_time":0.8368310459,"remaining_time":0.1442135566},
{"learn":[3.258724846],"iteration":853,"passed_time":0.8376427033,"remaining_time":0.1432035535},
{"learn":[3.25686724],"iteration":854,"passed_time":0.8384630468,"remaining_time":0.1421954875},
{"learn":[3.255750259],"iteration":855,"passed_time":0.8392870973,"remaining_time":0.1411884837},
{"learn":[3.254915866],"iteration":856,"passed_time":0.8403012607,"remaining_time":0.1402136293},
{"learn":[3.254348625],"iteration":857,"passed_time":0.8411309917,"remaining_time":0.1392081595},
{"learn":[3.253408514],"iteration":858,"passed_time":0.8419871718,"remaining_time":0.1382074403},
{"learn":[3.253291714],"iteration":859,"passed_time":0.842778281,"remaining_time":0.1371964644},
{"learn":[3.250186342],"iteration":860,"passed_time":0.8436320366,"remaining_time":0.1361961128},
{"learn":[3.249141318],"iteration":861,"passed_time":0.8444465092,"remaining_time":0.1351898124},
{"learn":[3.246300388],"iteration":862,"passed_time":0.8452549106,"remaining_time":0.1341829928},
{"learn":[3.245205135],"iteration":863,"passed_time":0.8460422829,"remaining_time":0.1331733223},
{"learn":[3.244403535],"iteration":864,"passed_time":0.8468509347,"remaining_time":0.1321674869},
{"learn":[3.244211781],"iteration":865,"passed_time":0.8476481252,"remaining_time":0.1311603335},
{"learn":[3.242286347],"iteration":866,"passed_time":0.848431971,"remaining_time":0.1301516172},
{"learn":[3.239606746],"iteration":867,"passed_time":0.8492300432,"remaining_time":0.1291455826},
{"learn":[3.236773361],"iteration":868,"passed_time":0.8500394564,"remaining_time":0.1281417362},
{"learn":[3.234552446],"iteration":869,"passed_time":0.8508427483,"remaining_time":0.1271374222},
{"learn":[3.233724647],"iteration":870,"passed_time":0.8516299803,"remaining_time":0.1261311911},
{"learn":[3.230851485],"iteration":871,"passed_time":0.8524591803,"remaining_time":0.1251316228},
{"learn":[3.227728941],"iteration":872,"passed_time":0.8533045403,"remaining_time":0.1241347957},
{"learn":[3.225787575],"iteration":873,"passed_time":0.8541444802,"remaining_time":0.1231375338},
{"learn":[3.222797487],"iteration":874,"passed_time":0.8550448724,"remaining_time":0.1221492675},
{"learn":[3.22137014],"iteration":875,"passed_time":0.8558783904,"remaining_time":0.1211517356},
{"learn":[3.219701963],"iteration":876,"passed_time":0.8567073098,"remaining_time":0.1201539329},
{"learn":[3.21783327],"iteration":877,"passed_time":0.8575860118,"remaining_time":0.1191634322},
{"learn":[3.217713355],"iteration":878,"passed_time":0.8584404386,"remaining_time":0.1181698442},
{"learn":[3.217666091],"iteration":879,"passed_time":0.859236467,"remaining_time":0.1171686091},
{"learn":[3.214962005],"iteration":880,"passed_time":0.8601119429,"remaining_time":0.1161785712},
{"learn":[3.214081828],"iteration":881,"passed_time":0.8609534257,"remaining_time":0.1151842452},
{"learn":[3.213358337],"iteration":882,"passed_time":0.8617770453,"remaining_time":0.1141878984},
{"learn":[3.210850401],"iteration":883,"passed_time":0.8625910571,"remaining_time":0.1131906817},
{"learn":[3.207810328],"iteration":884,"passed_time":0.8634609927,"remaining_time":0.1122011459},
{"learn":[3.204935073],"iteration":885,"passed_time":0.8642805948,"remaining_time":0.1112054039},
{"learn":[3.20280198],"iteration":886,"passed_time":0.8650909699,"remaining_time":0.1102088834},
{"learn":[3.200663495],"iteration":887,"passed_time":0.8659150103,"remaining_time":0.1092145058},
{"learn":[3.197301669],"iteration":888,"passed_time":0.8668160236,"remaining_time":0.1082301222},
{"learn":[3.195666943],"iteration":889,"passed_time":0.8676432499,"remaining_time":0.1072368062},
{"learn":[3.193886506],"iteration":890,"passed_time":0.868463373,"remaining_time":0.106242994},
{"learn":[3.190601248],"iteration":891,"passed_time":0.8692514567,"remaining_time":0.1052456921},
{"learn":[3.188983797],"iteration":892,"passed_time":0.8700477856,"remaining_time":0.1042498466},
{"learn":[3.187365749],"iteration":893,"passed_time":0.8708467695,"remaining_time":0.1032547624},
{"learn":[3.186160771],"iteration":894,"passed_time":0.8717005851,"remaining_time":0.1022665491},
{"learn":[3.185358981],"iteration":895,"passed_time":0.8725592398,"remaining_time":0.1012791975},
{"learn":[3.183832164],"iteration":896,"passed_time":0.8733843422,"remaining_time":0.1002882801},
{"learn":[3.183106966],"iteration":897,"passed_time":0.8741916215,"remaining_time":0.09929570756},
{"learn":[3.182838152],"iteration":898,"passed_time":0.8749713095,"remaining_time":0.09830044745},
{"learn":[3.180835453],"iteration":899,"passed_time":0.8757974638,"remaining_time":0.09731082931},
{"learn":[3.179957348],"iteration":900,"passed_time":0.8766371833,"remaining_time":0.09632306454},
{"learn":[3.179752966],"iteration":901,"passed_time":0.8774350852,"remaining_time":0.09533108464},
{"learn":[3.178851983],"iteration":902,"passed_time":0.8782336483,"remaining_time":0.09433960563},
{"learn":[3.176748586],"iteration":903,"passed_time":0.8789994806,"remaining_time":0.09334507758},
{"learn":[3.172960988],"iteration":904,"passed_time":0.8798251139,"remaining_time":0.0923573324},
{"learn":[3.172794225],"iteration":905,"passed_time":0.8806358195,"remaining_time":0.09136839629},
{"learn":[3.169996507],"iteration":906,"passed_time":0.8815548163,"remaining_time":0.09039095691},
{"learn":[3.16813015],"iteration":907,"passed_time":0.8823732362,"remaining_time":0.08940345566},
{"learn":[3.166920871],"iteration":908,"passed_time":0.8832368639,"remaining_time":0.08842085216},
{"learn":[3.16531606],"iteration":909,"passed_time":0.8840604234,"remaining_time":0.08743454737},
{"learn":[3.162035247],"iteration":910,"passed_time":0.8849260554,"remaining_time":0.08645271014},
{"learn":[3.16189467],"iteration":911,"passed_time":0.8857963618,"remaining_time":0.08547157877},
{"learn":[3.161008416],"iteration":912,"passed_time":0.8866243194,"remaining_time":0.08448665475},
{"learn":[3.160560787],"iteration":913,"passed_time":0.8874157793,"remaining_time":0.08349864007},
{"learn":[3.160416261],"iteration":914,"passed_time":0.8884865498,"remaining_time":0.0825370019},
{"learn":[3.15844291],"iteration":915,"passed_time":0.8893763624,"remaining_time":0.08155853105},
{"learn":[3.155040501],"iteration":916,"passed_time":0.8902637504,"remaining_time":0.08058003412},
{"learn":[3.154937548],"iteration":917,"passed_time":0.8910817796,"remaining_time":0.07959554023},
{"learn":[3.153721161],"iteration":918,"passed_time":0.8919369879,"remaining_time":0.07861468555},
{"learn":[3.153170511],"iteration":919,"passed_time":0.8927737119,"remaining_time":0.07763249668},
{"learn":[3.153113601],"iteration":920,"passed_time":0.893567476,"remaining_time":0.07664693877},
{"learn":[3.150607379],"iteration":921,"passed_time":0.8944056126,"remaining_time":0.07566555074},
{"learn":[3.148408359],"iteration":922,"passed_time":0.8953353042,"remaining_time":0.07469211097},
{"learn":[3.147495728],"iteration":923,"passed_time":0.8962068028,"remaining_time":0.07371397945},
{"learn":[3.146946235],"iteration":924,"passed_time":0.8970359827,"remaining_time":0.07273264725},
{"learn":[3.14472738],"iteration":925,"passed_time":0.8978630086,"remaining_time":0.07175147153},
{"learn":[3.144469477],"iteration":926,"passed_time":0.8986989311,"remaining_time":0.07077132899},
{"learn":[3.142975516],"iteration":927,"passed_time":0.8995379694,"remaining_time":0.069791739},
{"learn":[3.14079113],"iteration":928,"passed_time":0.9003258726,"remaining_time":0.06880854355},
{"learn":[3.138173032],"iteration":929,"passed_time":0.9011320599,"remaining_time":0.06782714429},
{"learn":[3.136352813],"iteration":930,"passed_time":0.9019341295,"remaining_time":0.06684581626},
{"learn":[3.133735004],"iteration":931,"passed_time":0.9027243671,"remaining_time":0.06586400962},
{"learn":[3.1319496],"iteration":932,"passed_time":0.9036043101,"remaining_time":0.06488905549},
{"learn":[3.129865343],"iteration":933,"passed_time":0.9044452218,"remaining_time":0.06391154672},
{"learn":[3.129830206],"iteration":934,"passed_time":0.905054874,"remaining_time":0.06291825327},
{"learn":[3.126676562],"iteration":935,"passed_time":0.9058706691,"remaining_time":0.06193987481},
{"learn":[3.12645665],"iteration":936,"passed_time":0.9066666875,"remaining_time":0.06096051367},
{"learn":[3.126378007],"iteration":937,"passed_time":0.9074540397,"remaining_time":0.05998097064},
{"learn":[3.124621914],"iteration":938,"passed_time":0.9082516009,"remaining_time":0.05900250017},
{"learn":[3.123379018],"iteration":939,"passed_time":0.9090465874,"remaining_time":0.05802425026},
{"learn":[3.123332451],"iteration":940,"passed_time":0.9099003492,"remaining_time":0.05705007503},
{"learn":[3.122432444],"iteration":941,"passed_time":0.9107778589,"remaining_time":0.05607761764},
{"learn":[3.121889006],"iteration":942,"passed_time":0.9116268056,"remaining_time":0.05510363512},
{"learn":[3.121070914],"iteration":943,"passed_time":0.9124944169,"remaining_time":0.05413102473},
{"learn":[3.118444705],"iteration":944,"passed_time":0.9133348377,"remaining_time":0.05315705405},
{"learn":[3.116820458],"iteration":945,"passed_time":0.9141810693,"remaining_time":0.0521836974},
{"learn":[3.114971041],"iteration":946,"passed_time":0.9150079249,"remaining_time":0.05120952484},
{"learn":[3.114685138],"iteration":947,"passed_time":0.91582911,"remaining_time":0.05023535203},
{"learn":[3.113399363],"iteration":948,"passed_time":0.9167107674,"remaining_time":0.04926475146},
{"learn":[3.110575399],"iteration":949,"passed_time":0.917560123,"remaining_time":0.04829263805},
{"learn":[3.110466553],"iteration":950,"passed_time":0.9183602991,"remaining_time":0.04731824885},
{"learn":[3.108691641],"iteration":951,"passed_time":0.9191672778,"remaining_time":0.04634456863},
{"learn":[3.107898017],"iteration":952,"passed_time":0.9199749478,"remaining_time":0.04537127235},
{"learn":[3.105551729],"iteration":953,"passed_time":0.9208262845,"remaining_time":0.04440042881},
{"learn":[3.104824945],"iteration":954,"passed_time":0.9216498052,"remaining_time":0.04342852485},
{"learn":[3.103186704],"iteration":955,"passed_time":0.9224813896,"remaining_time":0.04245730245},
{"learn":[3.102330655],"iteration":956,"passed_time":0.9233134849,"remaining_time":0.04148639483},
{"learn":[3.102291298],"iteration":957,"passed_time":0.924072184,"remaining_time":0.04051255921},
{"learn":[3.100363529],"iteration":958,"passed_time":0.9249032474,"remaining_time":0.03954226605},
{"learn":[3.097871596],"iteration":959,"passed_time":0.9256995763,"remaining_time":0.03857081568},
{"learn":[3.097372213],"iteration":960,"passed_time":0.9264931702,"remaining_time":0.03759961877},
{"learn":[3.095981813],"iteration":961,"passed_time":0.9272798913,"remaining_time":0.03662851961},
{"learn":[3.095347452],"iteration":962,"passed_time":0.9281878876,"remaining_time":0.03566246297},
{"learn":[3.094728409],"iteration":963,"passed_time":0.9290433964,"remaining_time":0.03469456667},
{"learn":[3.094118537],"iteration":964,"passed_time":0.9298449851,"remaining_time":0.03372494765},
{"learn":[3.093793695],"iteration":965,"passed_time":0.9306172995,"remaining_time":0.03275464615},
{"learn":[3.092581602],"iteration":966,"passed_time":0.9313942324,"remaining_time":0.03178491176},
{"learn":[3.091694202],"iteration":967,"passed_time":0.9321976745,"remaining_time":0.03081645205},
{"learn":[3.090298312],"iteration":968,"passed_time":0.9329762405,"remaining_time":0.0298475371},
{"learn":[3.090020107],"iteration":969,"passed_time":0.9337478335,"remaining_time":0.02887879897},
{"learn":[3.088949869],"iteration":970,"passed_time":0.9345266899,"remaining_time":0.02791068384},
{"learn":[3.086700204],"iteration":971,"passed_time":0.9352978421,"remaining_time":0.02694273619},
{"learn":[3.086584317],"iteration":972,"passed_time":0.9360688039,"remaining_time":0.02597518778},
{"learn":[3.084850742],"iteration":973,"passed_time":0.9368553347,"remaining_time":0.02500845863},
{"learn":[3.084239948],"iteration":974,"passed_time":0.9376686451,"remaining_time":0.02404278577},
{"learn":[3.082561673],"iteration":975,"passed_time":0.9384857126,"remaining_time":0.02307751752},
{"learn":[3.07991814],"iteration":976,"passed_time":0.9392816307,"remaining_time":0.02211205477},
{"learn":[3.079350277],"iteration":977,"passed_time":0.9400798332,"remaining_time":0.02114699011},
{"learn":[3.077637462],"iteration":978,"passed_time":0.9408954078,"remaining_time":0.02018263898},
{"learn":[3.076733301],"iteration":979,"passed_time":0.9417470583,"remaining_time":0.01921932772},
{"learn":[3.07594065],"iteration":980,"passed_time":0.9425582448,"remaining_time":0.0182554604},
{"learn":[3.072594655],"iteration":981,"passed_time":0.9433684495,"remaining_time":0.01729188604},
{"learn":[3.071977674],"iteration":982,"passed_time":0.944197399,"remaining_time":0.0163289479},
{"learn":[3.069532634],"iteration":983,"passed_time":0.9450304461,"remaining_time":0.01536634872},
{"learn":[3.068870784],"iteration":984,"passed_time":0.9458426946,"remaining_time":0.01440369586},
{"learn":[3.068801463],"iteration":985,"passed_time":0.9466108512,"remaining_time":0.01344072203},
{"learn":[3.067433249],"iteration":986,"passed_time":0.9474148945,"remaining_time":0.01247861563},
{"learn":[3.065611456],"iteration":987,"passed_time":0.9482407983,"remaining_time":0.01151709472},
{"learn":[3.063039162],"iteration":988,"passed_time":0.9490595589,"remaining_time":0.0105557686},
{"learn":[3.06177873],"iteration":989,"passed_time":0.9498734505,"remaining_time":0.009594681318},
{"learn":[3.061689148],"iteration":990,"passed_time":0.95070444,"remaining_time":0.008634046378},
{"learn":[3.058984039],"iteration":991,"passed_time":0.9515520141,"remaining_time":0.007673806566},
{"learn":[3.057492984],"iteration":992,"passed_time":0.9525950563,"remaining_time":0.006715171595},
{"learn":[3.057290731],"iteration":993,"passed_time":0.9534376411,"remaining_time":0.005755156787},
{"learn":[3.056068348],"iteration":994,"passed_time":0.9541999468,"remaining_time":0.004794974607},
{"learn":[3.054987307],"iteration":995,"passed_time":0.9549993715,"remaining_time":0.003835338841},
{"learn":[3.054200234],"iteration":996,"passed_time":0.9558111091,"remaining_time":0.002876061512},
{"learn":[3.052732869],"iteration":997,"passed_time":0.9566605066,"remaining_time":0.001917155324},
{"learn":[3.051787862],"iteration":998,"passed_time":0.9574826234,"remaining_time":0.0009584410644},
{"learn":[3.051366222],"iteration":999,"passed_time":0.9582528538,"remaining_time":0}
]}