{
"meta":{"test_sets":[],"test_metrics":[],"learn_metrics":[{"best_value":"Min","name":"RMSE"}],"launch_mode":"Train","parameters":"","iteration_count":1000,"learn_sets":["learn"],"name":"experiment"},
"iterations":[
{"learn":[14.61268541],"iteration":0,"passed_time":0.1016171667,"remaining_time":101.5155496},
{"learn":[14.23196558],"iteration":1,"passed_time":0.1028740631,"remaining_time":51.33415749},
{"learn":[13.86674177],"iteration":2,"passed_time":0.1047027552,"remaining_time":34.79621566},
{"learn":[13.49946468],"iteration":3,"passed_time":0.106095879,"remaining_time":26.41787388},
{"learn":[13.16661202],"iteration":4,"passed_time":0.1077054615,"remaining_time":21.43338684},
{"learn":[12.85632158],"iteration":5,"passed_time":0.1089551686,"remaining_time":18.05023959},
{"learn":[12.56784336],"iteration":6,"passed_time":0.1105154625,"remaining_time":15.67740775},
{"learn":[12.31617801],"iteration":7,"passed_time":0.1120210609,"remaining_time":13.89061156},
{"learn":[12.01509946],"iteration":8,"passed_time":0.1142776177,"remaining_time":12.58323546},
{"learn":[11.71512571],"iteration":9,"passed_time":0.1156718715,"remaining_time":11.45151528},
{"learn":[11.43264457],"iteration":10,"passed_time":0.1170151794,"remaining_time":10.5207284},
{"learn":[11.17973129],"iteration":11,"passed_time":0.1181993844,"remaining_time":9.731749313},
{"learn":[10.93746433],"iteration":12,"passed_time":0.1195513108,"remaining_time":9.076703364},
{"learn":[10.69387075],"iteration":13,"passed_time":0.1207692591,"remaining_time":8.505606389},
{"learn":[10.4615922],"iteration":14,"passed_time":0.122057912,"remaining_time":8.015136222},
{"learn":[10.2299235],"iteration":15,"passed_time":0.1234114853,"remaining_time":7.589806346},
{"learn":[10.01419731],"iteration":16,"passed_time":0.1246029181,"remaining_time":7.2049805},
{"learn":[9.795856918],"iteration":17,"passed_time":0.125974691,"remaining_time":6.872619256},
{"learn":[9.60040151],"iteration":18,"passed_time":0.1275020586,"remaining_time":6.583132604},
{"learn":[9.418664989],"iteration":19,"passed_time":0.1288452967,"remaining_time":6.313419537},
{"learn":[9.249278645],"iteration":20,"passed_time":0.1300999657,"remaining_time":6.065136495},
{"learn":[9.090113396],"iteration":21,"passed_time":0.1315540873,"remaining_time":5.848177154},
{"learn":[8.909548708],"iteration":22,"passed_time":0.1331259025,"remaining_time":5.654956814},
{"learn":[8.740140208],"iteration":23,"passed_time":0.1345169502,"remaining_time":5.470355975},
{"learn":[8.59377682],"iteration":24,"passed_time":0.136164665,"remaining_time":5.310421935},
{"learn":[8.453885414],"iteration":25,"passed_time":0.1377598451,"remaining_time":5.160695734},
{"learn":[8.317732234],"iteration":26,"passed_time":0.1394286874,"remaining_time":5.024596771},
{"learn":[8.180896085],"iteration":27,"passed_time":0.1410284685,"remaining_time":4.895702548},
{"learn":[8.053220863],"iteration":28,"passed_time":0.1424294589,"remaining_time":4.768931192},
{"learn":[7.924234474],"iteration":29,"passed_time":0.1438620173,"remaining_time":4.651538558},
{"learn":[7.818879511],"iteration":30,"passed_time":0.1455939855,"remaining_time":4.550986192},
{"learn":[7.719346395],"iteration":31,"passed_time":0.1470493349,"remaining_time":4.448242379},
{"learn":[7.624163594],"iteration":32,"passed_time":0.1484340905,"remaining_time":4.349568651},
{"learn":[7.524952543],"iteration":33,"passed_time":0.150063981,"remaining_time":4.263582518},
{"learn":[7.424464745],"iteration":34,"passed_time":0.1512239843,"remaining_time":4.16946128},
{"learn":[7.327482321],"iteration":35,"passed_time":0.1524284092,"remaining_time":4.081694067},
{"learn":[7.238666841],"iteration":36,"passed_time":0.1537730122,"remaining_time":4.002254344},
{"learn":[7.158842395],"iteration":37,"passed_time":0.1549622295,"remaining_time":3.922991178},
{"learn":[7.074348246],"iteration":38,"passed_time":0.1563648189,"remaining_time":3.852989511},
{"learn":[6.992269093],"iteration":39,"passed_time":0.1578891242,"remaining_time":3.78933898},
{"learn":[6.925219745],"iteration":40,"passed_time":0.1593503433,"remaining_time":3.727243397},
{"learn":[6.86013671],"iteration":41,"passed_time":0.1605144815,"remaining_time":3.661258888},
{"learn":[6.786739622],"iteration":42,"passed_time":0.1618307699,"remaining_time":3.601675507},
{"learn":[6.73057926],"iteration":43,"passed_time":0.1630848923,"remaining_time":3.543389932},
{"learn":[6.666356486],"iteration":44,"passed_time":0.1645330391,"remaining_time":3.49175672},
{"learn":[6.606182832],"iteration":45,"passed_time":0.1659110409,"remaining_time":3.440850718},
{"learn":[6.547854615],"iteration":46,"passed_time":0.1672444763,"remaining_time":3.391148637},
{"learn":[6.49240675],"iteration":47,"passed_time":0.1688566734,"remaining_time":3.348990689},
{"learn":[6.431317261],"iteration":48,"passed_time":0.1697708715,"remaining_time":3.294940791},
{"learn":[6.377586395],"iteration":49,"passed_time":0.1710041225,"remaining_time":3.249078328},
{"learn":[6.327558015],"iteration":50,"passed_time":0.1723352604,"remaining_time":3.206787493},
{"learn":[6.282040317],"iteration":51,"passed_time":0.1737422438,"remaining_time":3.167454752},
{"learn":[6.237655841],"iteration":52,"passed_time":0.175082845,"remaining_time":3.128367061},
{"learn":[6.192792003],"iteration":53,"passed_time":0.176429072,"remaining_time":3.090775966},
{"learn":[6.150579347],"iteration":54,"passed_time":0.1778255663,"remaining_time":3.055366549},
{"learn":[6.115693845],"iteration":55,"passed_time":0.1791051901,"remaining_time":3.019201776},
{"learn":[6.078780782],"iteration":56,"passed_time":0.1805419608,"remaining_time":2.98686086},
{"learn":[6.045146957],"iteration":57,"passed_time":0.1817406314,"remaining_time":2.951718531},
{"learn":[6.008080327],"iteration":58,"passed_time":0.1829525129,"remaining_time":2.917937536},
{"learn":[5.977575734],"iteration":59,"passed_time":0.1841501582,"remaining_time":2.885019145},
{"learn":[5.948036502],"iteration":60,"passed_time":0.1853015321,"remaining_time":2.852428502},
{"learn":[5.914888282],"iteration":61,"passed_time":0.1865167537,"remaining_time":2.821817983},
{"learn":[5.884957796],"iteration":62,"passed_time":0.1878392599,"remaining_time":2.793736294},
{"learn":[5.849539885],"iteration":63,"passed_time":0.1892330074,"remaining_time":2.767532733},
{"learn":[5.821387627],"iteration":64,"passed_time":0.190707708,"remaining_time":2.743257031},
{"learn":[5.797012279],"iteration":65,"passed_time":0.1920805761,"remaining_time":2.718231184},
{"learn":[5.768685095],"iteration":66,"passed_time":0.1935542608,"remaining_time":2.695315303},
{"learn":[5.755484587],"iteration":67,"passed_time":0.1945407524,"remaining_time":2.666352665},
{"learn":[5.731887055],"iteration":68,"passed_time":0.1960321812,"remaining_time":2.645013923},
{"learn":[5.707148487],"iteration":69,"passed_time":0.1973366582,"remaining_time":2.621758459},
{"learn":[5.685365039],"iteration":70,"passed_time":0.1985248129,"remaining_time":2.597599313},
{"learn":[5.663541834],"iteration":71,"passed_time":0.1997093888,"remaining_time":2.574032122},
{"learn":[5.638108797],"iteration":72,"passed_time":0.2008215458,"remaining_time":2.550158534},
{"learn":[5.619204893],"iteration":73,"passed_time":0.2019858397,"remaining_time":2.527552535},
{"learn":[5.598472793],"iteration":74,"passed_time":0.2031664959,"remaining_time":2.505720116},
{"learn":[5.577007075],"iteration":75,"passed_time":0.204260488,"remaining_time":2.483377512},
{"learn":[5.562637084],"iteration":76,"passed_time":0.2056985071,"remaining_time":2.465710676},
{"learn":[5.54729991],"iteration":77,"passed_time":0.2069224101,"remaining_time":2.445929001},
{"learn":[5.530737623],"iteration":78,"passed_time":0.2081129507,"remaining_time":2.426228197},
{"learn":[5.513704873],"iteration":79,"passed_time":0.2093672917,"remaining_time":2.407723854},
{"learn":[5.501575529],"iteration":80,"passed_time":0.2104650531,"remaining_time":2.387868936},
{"learn":[5.484080734],"iteration":81,"passed_time":0.2117246114,"remaining_time":2.370282845},
{"learn":[5.472178894],"iteration":82,"passed_time":0.2127769002,"remaining_time":2.350800211},
{"learn":[5.458923342],"iteration":83,"passed_time":0.214055659,"remaining_time":2.334225996},
{"learn":[5.451382371],"iteration":84,"passed_time":0.2147260245,"remaining_time":2.311462499},
{"learn":[5.441410748],"iteration":85,"passed_time":0.2160977125,"remaining_time":2.296666387},
{"learn":[5.434047468],"iteration":86,"passed_time":0.2169831696,"remaining_time":2.277076251},
{"learn":[5.422107497],"iteration":87,"passed_time":0.2184382038,"remaining_time":2.263814112},
{"learn":[5.40731265],"iteration":88,"passed_time":0.219765505,"remaining_time":2.249509832},
{"learn":[5.396360181],"iteration":89,"passed_time":0.2211437311,"remaining_time":2.236008836},
{"learn":[5.383793239],"iteration":90,"passed_time":0.2226884346,"remaining_time":2.22443722},
{"learn":[5.369605034],"iteration":91,"passed_time":0.223877785,"remaining_time":2.2095764},
{"learn":[5.357467333],"iteration":92,"passed_time":0.2252542048,"remaining_time":2.196834018},
{"learn":[5.341109968],"iteration":93,"passed_time":0.2266533074,"remaining_time":2.18455209},
{"learn":[5.330529276],"iteration":94,"passed_time":0.2279910015,"remaining_time":2.171914277},
{"learn":[5.319862075],"iteration":95,"passed_time":0.2292656498,"remaining_time":2.158918202},
{"learn":[5.313052243],"iteration":96,"passed_time":0.2305951135,"remaining_time":2.146674098},
{"learn":[5.299677207],"iteration":97,"passed_time":0.2319340811,"remaining_time":2.134740216},
{"learn":[5.287546698],"iteration":98,"passed_time":0.2332322375,"remaining_time":2.122648949},
{"learn":[5.279803754],"iteration":99,"passed_time":0.2345515562,"remaining_time":2.110964005},
{"learn":[5.272254612],"iteration":100,"passed_time":0.236002931,"remaining_time":2.100659752},
{"learn":[5.268813888],"iteration":101,"passed_time":0.2367402121,"remaining_time":2.084242259},
{"learn":[5.258113767],"iteration":102,"passed_time":0.238072099,"remaining_time":2.073307503},
{"learn":[5.251018576],"iteration":103,"passed_time":0.2393612231,"remaining_time":2.062188999},
{"learn":[5.24171237],"iteration":104,"passed_time":0.2406886365,"remaining_time":2.051584092},
{"learn":[5.233984943],"iteration":105,"passed_time":0.2418855528,"remaining_time":2.040053625},
{"learn":[5.226240449],"iteration":106,"passed_time":0.2430546855,"remaining_time":2.028484432},
{"learn":[5.220541644],"iteration":107,"passed_time":0.2444105147,"remaining_time":2.018649807},
{"learn":[5.211712096],"iteration":108,"passed_time":0.2455286565,"remaining_time":2.007027825},
{"learn":[5.203388597],"iteration":109,"passed_time":0.2466377606,"remaining_time":1.9955237},
{"learn":[5.196026544],"iteration":110,"passed_time":0.2477207309,"remaining_time":1.983997565},
{"learn":[5.188716772],"iteration":111,"passed_time":0.2488413989,"remaining_time":1.972956805},
{"learn":[5.182163132],"iteration":112,"passed_time":0.2500688306,"remaining_time":1.96292967},
{"learn":[5.17764747],"iteration":113,"passed_time":0.2511684366,"remaining_time":1.952063463},
{"learn":[5.170548056],"iteration":114,"passed_time":0.2522418178,"remaining_time":1.941165294},
{"learn":[5.165901827],"iteration":115,"passed_time":0.2531591683,"remaining_time":1.929247455},
{"learn":[5.160333668],"iteration":116,"passed_time":0.2542591954,"remaining_time":1.918896321},
{"learn":[5.148953243],"iteration":117,"passed_time":0.2554107748,"remaining_time":1.909087316},
{"learn":[5.144729126],"iteration":118,"passed_time":0.2562715709,"remaining_time":1.897271042},
{"learn":[5.139939946],"iteration":119,"passed_time":0.2574041934,"remaining_time":1.887630752},
{"learn":[5.132898872],"iteration":120,"passed_time":0.2586770326,"remaining_time":1.879149683},
{"learn":[5.129073077],"iteration":121,"passed_time":0.2600067899,"remaining_time":1.871196406},
{"learn":[5.127123916],"iteration":122,"passed_time":0.2606947592,"remaining_time":1.858774828},
{"learn":[5.121282057],"iteration":123,"passed_time":0.2617779947,"remaining_time":1.849334866},
{"learn":[5.114489821],"iteration":124,"passed_time":0.2628731999,"remaining_time":1.840112399},
{"learn":[5.107777291],"iteration":125,"passed_time":0.2640171404,"remaining_time":1.83135699},
{"learn":[5.103518754],"iteration":126,"passed_time":0.265128345,"remaining_time":1.822496419},
{"learn":[5.101133351],"iteration":127,"passed_time":0.2658635409,"remaining_time":1.811195373},
{"learn":[5.096462705],"iteration":128,"passed_time":0.2669564103,"remaining_time":1.802473127},
{"learn":[5.08562082],"iteration":129,"passed_time":0.2680964643,"remaining_time":1.79418403},
{"learn":[5.080483682],"iteration":130,"passed_time":0.2690996321,"remaining_time":1.785096033},
{"learn":[5.07437499],"iteration":131,"passed_time":0.2702530329,"remaining_time":1.777118428},
{"learn":[5.070683732],"iteration":132,"passed_time":0.2713812997,"remaining_time":1.7690796},
{"learn":[5.06432037],"iteration":133,"passed_time":0.2724786181,"remaining_time":1.760943905},
{"learn":[5.057436484],"iteration":134,"passed_time":0.2735940933,"remaining_time":1.75302882},
{"learn":[5.053254656],"iteration":135,"passed_time":0.2746985313,"remaining_time":1.74514361},
{"learn":[5.04801663],"iteration":136,"passed_time":0.2759939681,"remaining_time":1.738560544},
{"learn":[5.045680836],"iteration":137,"passed_time":0.2770811434,"remaining_time":1.730753229},
{"learn":[5.041857933],"iteration":138,"passed_time":0.2783026906,"remaining_time":1.72387494},
{"learn":[5.035264888],"iteration":139,"passed_time":0.2795681563,"remaining_time":1.717347246},
{"learn":[5.028771948],"iteration":140,"passed_time":0.2807764006,"remaining_time":1.71054559},
{"learn":[5.024912247],"iteration":141,"passed_time":0.2820238217,"remaining_time":1.70405943},
{"learn":[5.02239068],"iteration":142,"passed_time":0.2833115123,"remaining_time":1.697887874},
{"learn":[5.017110572],"iteration":143,"passed_time":0.2843962115,"remaining_time":1.690577479},
{"learn":[5.010707886],"iteration":144,"passed_time":0.2856666093,"remaining_time":1.684447938},
{"learn":[5.004389868],"iteration":145,"passed_time":0.2866754257,"remaining_time":1.676854888},
{"learn":[4.997628683],"iteration":146,"passed_time":0.2878059033,"remaining_time":1.670057384},
{"learn":[4.991497851],"iteration":147,"passed_time":0.2890975236,"remaining_time":1.664264122},
{"learn":[4.988345253],"iteration":148,"passed_time":0.2903530347,"remaining_time":1.65832505},
{"learn":[4.98460423],"iteration":149,"passed_time":0.2916239666,"remaining_time":1.652535811},
{"learn":[4.982441783],"iteration":150,"passed_time":0.2929095219,"remaining_time":1.646888637},
{"learn":[4.977461771],"iteration":151,"passed_time":0.294383169,"remaining_time":1.642348206},
{"learn":[4.973601586],"iteration":152,"passed_time":0.2956771751,"remaining_time":1.636853381},
{"learn":[4.968328804],"iteration":153,"passed_time":0.2969354631,"remaining_time":1.631216895},
{"learn":[4.9640736],"iteration":154,"passed_time":0.2982070736,"remaining_time":1.62570953},
{"learn":[4.960865882],"iteration":155,"passed_time":0.2995085332,"remaining_time":1.620417962},
{"learn":[4.957014156],"iteration":156,"passed_time":0.3007710917,"remaining_time":1.614968346},
{"learn":[4.952244852],"iteration":157,"passed_time":0.3021580875,"remaining_time":1.610234871},
{"learn":[4.949695675],"iteration":158,"passed_time":0.3035409084,"remaining_time":1.605521408},
{"learn":[4.946584698],"iteration":159,"passed_time":0.3049081053,"remaining_time":1.600767553},
{"learn":[4.940192834],"iteration":160,"passed_time":0.3062411206,"remaining_time":1.595877641},
{"learn":[4.936727994],"iteration":161,"passed_time":0.3075228665,"remaining_time":1.590766433},
{"learn":[4.932342063],"iteration":162,"passed_time":0.3088483874,"remaining_time":1.585926995},
{"learn":[4.925830838],"iteration":163,"passed_time":0.310180097,"remaining_time":1.581161958},
{"learn":[4.922571773],"iteration":164,"passed_time":0.3114220045,"remaining_time":1.575984083},
{"learn":[4.918395814],"iteration":165,"passed_time":0.3127911559,"remaining_time":1.571492916},
{"learn":[4.911142452],"iteration":166,"passed_time":0.314030066,"remaining_time":1.566389491},
{"learn":[4.908276131],"iteration":167,"passed_time":0.3152832212,"remaining_time":1.561402619},
{"learn":[4.904584645],"iteration":168,"passed_time":0.3164856211,"remaining_time":1.556210362},
{"learn":[4.89795517],"iteration":169,"passed_time":0.3176866476,"remaining_time":1.551058338},
{"learn":[4.895556491],"iteration":170,"passed_time":0.3188794939,"remaining_time":1.545912868},
{"learn":[4.890591233],"iteration":171,"passed_time":0.3200372536,"remaining_time":1.540644453},
{"learn":[4.884629277],"iteration":172,"passed_time":0.3212956317,"remaining_time":1.535904552},
{"learn":[4.880550786],"iteration":173,"passed_time":0.322487646,"remaining_time":1.53088963},
{"learn":[4.876384842],"iteration":174,"passed_time":0.3236851337,"remaining_time":1.525944202},
{"learn":[4.872638238],"iteration":175,"passed_time":0.3250032545,"remaining_time":1.521606146},
{"learn":[4.869137118],"iteration":176,"passed_time":0.3262535226,"remaining_time":1.516986718},
{"learn":[4.863587157],"iteration":177,"passed_time":0.3275213093,"remaining_time":1.512486046},
{"learn":[4.858028614],"iteration":178,"passed_time":0.3287746951,"remaining_time":1.507955445},
{"learn":[4.853838176],"iteration":179,"passed_time":0.3300961491,"remaining_time":1.503771346},
{"learn":[4.853462329],"iteration":180,"passed_time":0.3307849003,"remaining_time":1.496755985},
{"learn":[4.851573196],"iteration":181,"passed_time":0.3320527916,"remaining_time":1.492413096},
{"learn":[4.848442087],"iteration":182,"passed_time":0.3333531538,"remaining_time":1.48824878},
{"learn":[4.845547104],"iteration":183,"passed_time":0.3345467419,"remaining_time":1.483642073},
{"learn":[4.839868817],"iteration":184,"passed_time":0.3357194986,"remaining_time":1.478980494},
{"learn":[4.836336958],"iteration":185,"passed_time":0.3369128261,"remaining_time":1.474446454},
{"learn":[4.831124789],"iteration":186,"passed_time":0.3380592076,"remaining_time":1.469744042},
{"learn":[4.827407333],"iteration":187,"passed_time":0.3392502094,"remaining_time":1.465272181},
{"learn":[4.824088918],"iteration":188,"passed_time":0.3404226653,"remaining_time":1.460755458},
{"learn":[4.820934539],"iteration":189,"passed_time":0.3415658991,"remaining_time":1.456149359},
{"learn":[4.816975227],"iteration":190,"passed_time":0.3427683792,"remaining_time":1.451830465},
{"learn":[4.812340486],"iteration":191,"passed_time":0.3439947483,"remaining_time":1.447644566},
{"learn":[4.806402747],"iteration":192,"passed_time":0.3450442305,"remaining_time":1.44274971},
{"learn":[4.801521788],"iteration":193,"passed_time":0.3460653526,"remaining_time":1.437776671},
{"learn":[4.797601172],"iteration":194,"passed_time":0.3470608314,"remaining_time":1.432738304},
{"learn":[4.792694629],"iteration":195,"passed_time":0.348309646,"remaining_time":1.428780384},
{"learn":[4.789794613],"iteration":196,"passed_time":0.3494740721,"remaining_time":1.424505989},
{"learn":[4.785367055],"iteration":197,"passed_time":0.350543303,"remaining_time":1.419877419},
{"learn":[4.780376856],"iteration":198,"passed_time":0.3515877127,"remaining_time":1.415184713},
{"learn":[4.776691261],"iteration":199,"passed_time":0.3525858581,"remaining_time":1.410343432},
{"learn":[4.773470753],"iteration":200,"passed_time":0.3537451311,"remaining_time":1.406180894},
{"learn":[4.77207327],"iteration":201,"passed_time":0.3547625842,"remaining_time":1.401487833},
{"learn":[4.767347177],"iteration":202,"passed_time":0.3557547044,"remaining_time":1.396731524},
{"learn":[4.763983068],"iteration":203,"passed_time":0.3567570702,"remaining_time":1.392052098},
{"learn":[4.761588849],"iteration":204,"passed_time":0.3578815076,"remaining_time":1.387881944},
{"learn":[4.758558086],"iteration":205,"passed_time":0.359073191,"remaining_time":1.384000552},
{"learn":[4.753678804],"iteration":206,"passed_time":0.3603277197,"remaining_time":1.380385902},
{"learn":[4.746510889],"iteration":207,"passed_time":0.3615636825,"remaining_time":1.376723252},
{"learn":[4.744840601],"iteration":208,"passed_time":0.3627607191,"remaining_time":1.372936501},
{"learn":[4.741702222],"iteration":209,"passed_time":0.3640175538,"remaining_time":1.369399369},
{"learn":[4.739352853],"iteration":210,"passed_time":0.3652113925,"remaining_time":1.365648288},
{"learn":[4.735539287],"iteration":211,"passed_time":0.3664491096,"remaining_time":1.362084426},
{"learn":[4.730726751],"iteration":212,"passed_time":0.3676802505,"remaining_time":1.358518109},
{"learn":[4.726416092],"iteration":213,"passed_time":0.3688667812,"remaining_time":1.354809767},
{"learn":[4.721293082],"iteration":214,"passed_time":0.3700767699,"remaining_time":1.351210532},
{"learn":[4.718443695],"iteration":215,"passed_time":0.3714040883,"remaining_time":1.348059283},
{"learn":[4.711627962],"iteration":216,"passed_time":0.3726010147,"remaining_time":1.344454353},
{"learn":[4.709790764],"iteration":217,"passed_time":0.3738966649,"remaining_time":1.341225651},
{"learn":[4.706913073],"iteration":218,"passed_time":0.3752333794,"remaining_time":1.338161047},
{"learn":[4.703846389],"iteration":219,"passed_time":0.3762384418,"remaining_time":1.333936294},
{"learn":[4.701001135],"iteration":220,"passed_time":0.3774730112,"remaining_time":1.330549664},
{"learn":[4.700380864],"iteration":221,"passed_time":0.3786541285,"remaining_time":1.326995099},
{"learn":[4.695837486],"iteration":222,"passed_time":0.3799139221,"remaining_time":1.323735953},
{"learn":[4.691242996],"iteration":223,"passed_time":0.3811761999,"remaining_time":1.320503264},
{"learn":[4.690284609],"iteration":224,"passed_time":0.3823520843,"remaining_time":1.316990512},
{"learn":[4.68827119],"iteration":225,"passed_time":0.3837675905,"remaining_time":1.314319093},
{"learn":[4.686922425],"iteration":226,"passed_time":0.384726447,"remaining_time":1.310103716},
{"learn":[4.686085874],"iteration":227,"passed_time":0.3859076965,"remaining_time":1.30666992},
{"learn":[4.683230741],"iteration":228,"passed_time":0.3871054349,"remaining_time":1.303311311},
{"learn":[4.6773487],"iteration":229,"passed_time":0.3883374078,"remaining_time":1.300086105},
{"learn":[4.671462906],"iteration":230,"passed_time":0.389606681,"remaining_time":1.297002328},
{"learn":[4.664799601],"iteration":231,"passed_time":0.390873089,"remaining_time":1.293924709},
{"learn":[4.660979386],"iteration":232,"passed_time":0.3922120935,"remaining_time":1.291101613},
{"learn":[4.656281279],"iteration":233,"passed_time":0.3935192722,"remaining_time":1.288187019},
{"learn":[4.651997094],"iteration":234,"passed_time":0.3948037148,"remaining_time":1.285212093},
{"learn":[4.650151977],"iteration":235,"passed_time":0.3960234274,"remaining_time":1.282041943},
{"learn":[4.648478046],"iteration":236,"passed_time":0.3972983812,"remaining_time":1.279066096},
{"learn":[4.646364602],"iteration":237,"passed_time":0.3987008205,"remaining_time":1.276512711},
{"learn":[4.642635873],"iteration":238,"passed_time":0.3998746599,"remaining_time":1.273241072},
{"learn":[4.640860821],"iteration":239,"passed_time":0.4008932357,"remaining_time":1.269495246},
{"learn":[4.639446822],"iteration":240,"passed_time":0.4019378359,"remaining_time":1.265854014},
{"learn":[4.637120072],"iteration":241,"passed_time":0.4032920056,"remaining_time":1.263203885},
{"learn":[4.633769267],"iteration":242,"passed_time":0.4045177131,"remaining_time":1.260164234},
{"learn":[4.630491517],"iteration":243,"passed_time":0.4057695131,"remaining_time":1.257220295},
{"learn":[4.627813333],"iteration":244,"passed_time":0.4070179868,"remaining_time":1.254279919},
{"learn":[4.622496304],"iteration":245,"passed_time":0.4083210253,"remaining_time":1.251520541},
{"learn":[4.618979301],"iteration":246,"passed_time":0.4095189842,"remaining_time":1.248452612},
{"learn":[4.616563458],"iteration":247,"passed_time":0.4108859678,"remaining_time":1.24591229},
{"learn":[4.614759385],"iteration":248,"passed_time":0.4120972597,"remaining_time":1.242911815},
{"learn":[4.61251363],"iteration":249,"passed_time":0.4133409563,"remaining_time":1.240022869},
{"learn":[4.608796693],"iteration":250,"passed_time":0.4145920163,"remaining_time":1.237169005},
{"learn":[4.60847774],"iteration":251,"passed_time":0.4157652241,"remaining_time":1.234096776},
{"learn":[4.605195659],"iteration":252,"passed_time":0.4169891572,"remaining_time":1.23118933},
{"learn":[4.60103766],"iteration":253,"passed_time":0.4182125891,"remaining_time":1.228293667},
{"learn":[4.599325598],"iteration":254,"passed_time":0.4195397221,"remaining_time":1.22571409},
{"learn":[4.597012808],"iteration":255,"passed_time":0.4208004861,"remaining_time":1.222951413},
{"learn":[4.594161533],"iteration":256,"passed_time":0.4221240052,"remaining_time":1.220381852},
{"learn":[4.592197259],"iteration":257,"passed_time":0.4233312671,"remaining_time":1.217487598},
{"learn":[4.58952828],"iteration":258,"passed_time":0.424395215,"remaining_time":1.214196349},
{"learn":[4.585816572],"iteration":259,"passed_time":0.4254114551,"remaining_time":1.210786449},
{"learn":[4.582934052],"iteration":260,"passed_time":0.4265883119,"remaining_time":1.207849665},
{"learn":[4.582234842],"iteration":261,"passed_time":0.4277457207,"remaining_time":1.204871534},
{"learn":[4.57571562],"iteration":262,"passed_time":0.4290456915,"remaining_time":1.202306748},
{"learn":[4.571197349],"iteration":263,"passed_time":0.4302672688,"remaining_time":1.199532992},
{"learn":[4.56723703],"iteration":264,"passed_time":0.4314188732,"remaining_time":1.196576875},
{"learn":[4.560335567],"iteration":265,"passed_time":0.4326506357,"remaining_time":1.193855513},
{"learn":[4.554709345],"iteration":266,"passed_time":0.4338473716,"remaining_time":1.191049151},
{"learn":[4.552806306],"iteration":267,"passed_time":0.4350412504,"remaining_time":1.188246997},
{"learn":[4.550766241],"iteration":268,"passed_time":0.4362004536,"remaining_time":1.185362571},
{"learn":[4.549216045],"iteration":269,"passed_time":0.4374405165,"remaining_time":1.182709545},
{"learn":[4.547687452],"iteration":270,"passed_time":0.4386206013,"remaining_time":1.179905603},
{"learn":[4.545642435],"iteration":271,"passed_time":0.4397805865,"remaining_time":1.177059805},
{"learn":[4.543930359],"iteration":272,"passed_time":0.4409531326,"remaining_time":1.174259807},
{"learn":[4.541029943],"iteration":273,"passed_time":0.4421373075,"remaining_time":1.171502501},
{"learn":[4.537781449],"iteration":274,"passed_time":0.4433224147,"remaining_time":1.168759093},
{"learn":[4.53066128],"iteration":275,"passed_time":0.4445270701,"remaining_time":1.166078256},
{"learn":[4.526763956],"iteration":276,"passed_time":0.4457859997,"remaining_time":1.163549739},
{"learn":[4.522036004],"iteration":277,"passed_time":0.4470263533,"remaining_time":1.160982112},
{"learn":[4.515307629],"iteration":278,"passed_time":0.4482434295,"remaining_time":1.158363845},
{"learn":[4.51109143],"iteration":279,"passed_time":0.4494945597,"remaining_time":1.155843154},
{"learn":[4.508233494],"iteration":280,"passed_time":0.4506866141,"remaining_time":1.15318034},
{"learn":[4.502555629],"iteration":281,"passed_time":0.4519425863,"remaining_time":1.150690698},
{"learn":[4.500081355],"iteration":282,"passed_time":0.4531757923,"remaining_time":1.148152096},
{"learn":[4.495281743],"iteration":283,"passed_time":0.45445437,"remaining_time":1.145737074},
{"learn":[4.492138869],"iteration":284,"passed_time":0.4557552334,"remaining_time":1.143385936},
{"learn":[4.491708261],"iteration":285,"passed_time":0.4569090232,"remaining_time":1.140674974},
{"learn":[4.489398865],"iteration":286,"passed_time":0.4580489488,"remaining_time":1.13794042},
{"learn":[4.485796373],"iteration":287,"passed_time":0.4592732228,"remaining_time":1.135425467},
{"learn":[4.479542205],"iteration":288,"passed_time":0.4604564252,"remaining_time":1.132818403},
{"learn":[4.475986993],"iteration":289,"passed_time":0.4616480886,"remaining_time":1.130241872},
{"learn":[4.468661855],"iteration":290,"passed_time":0.4628687636,"remaining_time":1.127745544},
{"learn":[4.463785664],"iteration":291,"passed_time":0.4639193385,"remaining_time":1.124845519},
{"learn":[4.460445831],"iteration":292,"passed_time":0.4653390749,"remaining_time":1.122848894},
{"learn":[4.45692492],"iteration":293,"passed_time":0.4665328134,"remaining_time":1.120313491},
{"learn":[4.454031688],"iteration":294,"passed_time":0.4678182785,"remaining_time":1.118006394},
{"learn":[4.451672391],"iteration":295,"passed_time":0.4690337407,"remaining_time":1.115539708},
{"learn":[4.45031553],"iteration":296,"passed_time":0.4702187175,"remaining_time":1.113009288},
{"learn":[4.446782666],"iteration":297,"passed_time":0.4716131148,"remaining_time":1.11098123},
{"learn":[4.444369689],"iteration":298,"passed_time":0.4728938601,"remaining_time":1.108690956},
{"learn":[4.44411683],"iteration":299,"passed_time":0.4739433924,"remaining_time":1.105867916},
{"learn":[4.440876943],"iteration":300,"passed_time":0.4750731729,"remaining_time":1.103243016},
{"learn":[4.439336453],"iteration":301,"passed_time":0.4760609126,"remaining_time":1.100299725},
{"learn":[4.436666901],"iteration":302,"passed_time":0.4770663761,"remaining_time":1.097410113},
{"learn":[4.433043336],"iteration":303,"passed_time":0.4781706235,"remaining_time":1.094759059},
{"learn":[4.431419305],"iteration":304,"passed_time":0.4791828637,"remaining_time":1.091908493},
{"learn":[4.428859646],"iteration":305,"passed_time":0.4802132187,"remaining_time":1.089111025},
{"learn":[4.424552441],"iteration":306,"passed_time":0.4812439746,"remaining_time":1.086325975},
{"learn":[4.422706391],"iteration":307,"passed_time":0.4824469409,"remaining_time":1.083939231},
{"learn":[4.421427994],"iteration":308,"passed_time":0.4835451535,"remaining_time":1.081325893},
{"learn":[4.418733158],"iteration":309,"passed_time":0.4845914879,"remaining_time":1.07860686},
{"learn":[4.415656941],"iteration":310,"passed_time":0.4856755455,"remaining_time":1.075982157},
{"learn":[4.410747417],"iteration":311,"passed_time":0.4867114341,"remaining_time":1.073261111},
{"learn":[4.408126521],"iteration":312,"passed_time":0.4877961204,"remaining_time":1.070657938},
{"learn":[4.407843853],"iteration":313,"passed_time":0.488777735,"remaining_time":1.067839255},
{"learn":[4.405219398],"iteration":314,"passed_time":0.489895681,"remaining_time":1.065328703},
{"learn":[4.402708465],"iteration":315,"passed_time":0.4909974924,"remaining_time":1.062792041},
{"learn":[4.40104971],"iteration":316,"passed_time":0.4921251577,"remaining_time":1.060320135},
{"learn":[4.400830038],"iteration":317,"passed_time":0.4932288137,"remaining_time":1.057805192},
{"learn":[4.39784288],"iteration":318,"passed_time":0.4944489474,"remaining_time":1.055547753},
{"learn":[4.393741845],"iteration":319,"passed_time":0.4956265962,"remaining_time":1.053206517},
{"learn":[4.393425936],"iteration":320,"passed_time":0.4967594142,"remaining_time":1.050777702},
{"learn":[4.390505974],"iteration":321,"passed_time":0.4980053015,"remaining_time":1.048595014},
{"learn":[4.390305136],"iteration":322,"passed_time":0.4992172751,"remaining_time":1.046347044},
{"learn":[4.38568203],"iteration":323,"passed_time":0.5003457825,"remaining_time":1.043931324},
{"learn":[4.383057135],"iteration":324,"passed_time":0.5013602181,"remaining_time":1.041286607},
{"learn":[4.380662684],"iteration":325,"passed_time":0.5026264958,"remaining_time":1.039172571},
{"learn":[4.37805727],"iteration":326,"passed_time":0.5038586892,"remaining_time":1.036993571},
{"learn":[4.373708319],"iteration":327,"passed_time":0.5051270621,"remaining_time":1.034894469},
{"learn":[4.36887921],"iteration":328,"passed_time":0.5063434666,"remaining_time":1.032694426},
{"learn":[4.367895929],"iteration":329,"passed_time":0.5075581167,"remaining_time":1.030496782},
{"learn":[4.362140573],"iteration":330,"passed_time":0.5088686537,"remaining_time":1.02849888},
{"learn":[4.361931924],"iteration":331,"passed_time":0.5100643571,"remaining_time":1.026274068},
{"learn":[4.359656377],"iteration":332,"passed_time":0.511339787,"remaining_time":1.024215129},
{"learn":[4.354281355],"iteration":333,"passed_time":0.5126539329,"remaining_time":1.022238082},
{"learn":[4.348589447],"iteration":334,"passed_time":0.5138374662,"remaining_time":1.020005717},
{"learn":[4.346355698],"iteration":335,"passed_time":0.5150575298,"remaining_time":1.017851785},
{"learn":[4.343894047],"iteration":336,"passed_time":0.5162492934,"remaining_time":1.01564772},
{"learn":[4.341561356],"iteration":337,"passed_time":0.5174522547,"remaining_time":1.013471576},
{"learn":[4.338869061],"iteration":338,"passed_time":0.5187479951,"remaining_time":1.011482079},
{"learn":[4.333720063],"iteration":339,"passed_time":0.5199951255,"remaining_time":1.009402302},
{"learn":[4.330892223],"iteration":340,"passed_time":0.5212052545,"remaining_time":1.007255902},
{"learn":[4.328311474],"iteration":341,"passed_time":0.5224144913,"remaining_time":1.005113261},
{"learn":[4.324580133],"iteration":342,"passed_time":0.5236052324,"remaining_time":1.002940635},
{"learn":[4.323354432],"iteration":343,"passed_time":0.5247572578,"remaining_time":1.000699887},
{"learn":[4.323159553],"iteration":344,"passed_time":0.5258867878,"remaining_time":0.998422742},
{"learn":[4.318639682],"iteration":345,"passed_time":0.5272477947,"remaining_time":0.9965897623},
{"learn":[4.312712208],"iteration":346,"passed_time":0.5284918274,"remaining_time":0.9945393756},
{"learn":[4.311461062],"iteration":347,"passed_time":0.5296763131,"remaining_time":0.9923820579},
{"learn":[4.311178356],"iteration":348,"passed_time":0.5308283887,"remaining_time":0.9901698597},
{"learn":[4.311102505],"iteration":349,"passed_time":0.5319634021,"remaining_time":0.9879320325},
{"learn":[4.310232308],"iteration":350,"passed_time":0.5331157183,"remaining_time":0.985732482},
{"learn":[4.305128197],"iteration":351,"passed_time":0.534322088,"remaining_time":0.9836383893},
{"learn":[4.304595496],"iteration":352,"passed_time":0.5355211898,"remaining_time":0.9815360051},
{"learn":[4.3004992],"iteration":353,"passed_time":0.5367129935,"remaining_time":0.9794254062},
{"learn":[4.297581524],"iteration":354,"passed_time":0.5377968205,"remaining_time":0.9771238007},
{"learn":[4.297355825],"iteration":355,"passed_time":0.5387687411,"remaining_time":0.9746265992},
{"learn":[4.295758715],"iteration":356,"passed_time":0.5397764101,"remaining_time":0.9722023296},
{"learn":[4.292500657],"iteration":357,"passed_time":0.5408350649,"remaining_time":0.9698774069},
{"learn":[4.290797586],"iteration":358,"passed_time":0.5418280375,"remaining_time":0.967442262},
{"learn":[4.286410608],"iteration":359,"passed_time":0.5428676253,"remaining_time":0.9650980005},
{"learn":[4.280278245],"iteration":360,"passed_time":0.5438790936,"remaining_time":0.9627111934},
{"learn":[4.279941283],"iteration":361,"passed_time":0.5449620184,"remaining_time":0.9604579219},
{"learn":[4.274426275],"iteration":362,"passed_time":0.5461563383,"remaining_time":0.9584065772},
{"learn":[4.273567658],"iteration":363,"passed_time":0.5473215564,"remaining_time":0.956309093},
{"learn":[4.269488271],"iteration":364,"passed_time":0.5486084951,"remaining_time":0.9544284777},
{"learn":[4.266838205],"iteration":365,"passed_time":0.5497844396,"remaining_time":0.9523588381},
{"learn":[4.263456509],"iteration":366,"passed_time":0.5509728951,"remaining_time":0.9503156474},
{"learn":[4.260360204],"iteration":367,"passed_time":0.5522896503,"remaining_time":0.9484974428},
{"learn":[4.255120549],"iteration":368,"passed_time":0.5536866881,"remaining_time":0.9468192417},
{"learn":[4.252582211],"iteration":369,"passed_time":0.5550402811,"remaining_time":0.9450685868},
{"learn":[4.247857931],"iteration":370,"passed_time":0.5563171048,"remaining_time":0.9431899163},
{"learn":[4.245288911],"iteration":371,"passed_time":0.5573857945,"remaining_time":0.9409631154},
{"learn":[4.24048515],"iteration":372,"passed_time":0.5584314572,"remaining_time":0.9387038168},
{"learn":[4.2378365],"iteration":373,"passed_time":0.5594504441,"remaining_time":0.9364063583},
{"learn":[4.236751063],"iteration":374,"passed_time":0.5604527999,"remaining_time":0.9340879998},
{"learn":[4.233240093],"iteration":375,"passed_time":0.5614936207,"remaining_time":0.9318404769},
{"learn":[4.230358421],"iteration":376,"passed_time":0.5625101916,"remaining_time":0.9295592821},
{"learn":[4.225853583],"iteration":377,"passed_time":0.5635786588,"remaining_time":0.927370174},
{"learn":[4.224702126],"iteration":378,"passed_time":0.5647011814,"remaining_time":0.9252755505},
{"learn":[4.224361982],"iteration":379,"passed_time":0.5657456011,"remaining_time":0.9230586123},
{"learn":[4.223787954],"iteration":380,"passed_time":0.5667705226,"remaining_time":0.9208161509},
{"learn":[4.22144054],"iteration":381,"passed_time":0.5678976767,"remaining_time":0.918745456},
{"learn":[4.217739335],"iteration":382,"passed_time":0.5690644959,"remaining_time":0.9167435873},
{"learn":[4.215611665],"iteration":383,"passed_time":0.5702557182,"remaining_time":0.9147852145},
{"learn":[4.210236863],"iteration":384,"passed_time":0.5714781174,"remaining_time":0.9128806292},
{"learn":[4.208454294],"iteration":385,"passed_time":0.5727024214,"remaining_time":0.9109826082},
{"learn":[4.207446501],"iteration":386,"passed_time":0.5741354638,"remaining_time":0.9094187063},
{"learn":[4.204985442],"iteration":387,"passed_time":0.575371156,"remaining_time":0.9075441945},
{"learn":[4.202796622],"iteration":388,"passed_time":0.5765722125,"remaining_time":0.9056185652},
{"learn":[4.199774004],"iteration":389,"passed_time":0.5778322517,"remaining_time":0.9037889065},
{"learn":[4.199458358],"iteration":390,"passed_time":0.5789775505,"remaining_time":0.9017834483},
{"learn":[4.19751254],"iteration":391,"passed_time":0.5803474943,"remaining_time":0.9001308074},
{"learn":[4.195201346],"iteration":392,"passed_time":0.5816760959,"remaining_time":0.8984157511},
{"learn":[4.190593508],"iteration":393,"passed_time":0.5828984851,"remaining_time":0.8965392944},
{"learn":[4.187212054],"iteration":394,"passed_time":0.5840826199,"remaining_time":0.8946075571},
{"learn":[4.184984466],"iteration":395,"passed_time":0.5853052398,"remaining_time":0.892738295},
{"learn":[4.182832144],"iteration":396,"passed_time":0.5865125317,"remaining_time":0.8908490092},
{"learn":[4.179752812],"iteration":397,"passed_time":0.5877054382,"remaining_time":0.8889413914},
{"learn":[4.17878934],"iteration":398,"passed_time":0.5888523911,"remaining_time":0.886968138},
{"learn":[4.174548229],"iteration":399,"passed_time":0.5901179674,"remaining_time":0.8851769511},
{"learn":[4.168872556],"iteration":400,"passed_time":0.591399312,"remaining_time":0.8834119398},
{"learn":[4.163926494],"iteration":401,"passed_time":0.5926402871,"remaining_time":0.8815892829},
{"learn":[4.159485076],"iteration":402,"passed_time":0.5938949865,"remaining_time":0.8797898436},
{"learn":[4.155926102],"iteration":403,"passed_time":0.5951656149,"remaining_time":0.8780166003},
{"learn":[4.153540115],"iteration":404,"passed_time":0.5964535257,"remaining_time":0.8762712292},
{"learn":[4.150983044],"iteration":405,"passed_time":0.5976928368,"remaining_time":0.8744570075},
{"learn":[4.146539132],"iteration":406,"passed_time":0.5989141835,"remaining_time":0.8726194369},
{"learn":[4.144869174],"iteration":407,"passed_time":0.6001036815,"remaining_time":0.8707386751},
{"learn":[4.142825962],"iteration":408,"passed_time":0.6013166876,"remaining_time":0.8688952625},
{"learn":[4.142467378],"iteration":409,"passed_time":0.602450067,"remaining_time":0.8669403404},
{"learn":[4.141800768],"iteration":410,"passed_time":0.6034449143,"remaining_time":0.8647908869},
{"learn":[4.140107084],"iteration":411,"passed_time":0.6044716202,"remaining_time":0.8626925065},
{"learn":[4.136243196],"iteration":412,"passed_time":0.6055200999,"remaining_time":0.8606302631},
{"learn":[4.133618439],"iteration":413,"passed_time":0.6065688904,"remaining_time":0.858573357},
{"learn":[4.131053025],"iteration":414,"passed_time":0.6076301718,"remaining_time":0.8565389168},
{"learn":[4.128379975],"iteration":415,"passed_time":0.6086850272,"remaining_time":0.8545001344},
{"learn":[4.127068571],"iteration":416,"passed_time":0.6097319731,"remaining_time":0.8524550128},
{"learn":[4.125969877],"iteration":417,"passed_time":0.6107357324,"remaining_time":0.8503545365},
{"learn":[4.123893633],"iteration":418,"passed_time":0.6117572956,"remaining_time":0.8482839827},
{"learn":[4.119643722],"iteration":419,"passed_time":0.6128050335,"remaining_time":0.8462545701},
{"learn":[4.11465686],"iteration":420,"passed_time":0.6138410224,"remaining_time":0.8442136626},
{"learn":[4.111565986],"iteration":421,"passed_time":0.614869623,"remaining_time":0.8421673983},
{"learn":[4.106322452],"iteration":422,"passed_time":0.6159143835,"remaining_time":0.8401479889},
{"learn":[4.104222175],"iteration":423,"passed_time":0.6171289134,"remaining_time":0.8383638069},
{"learn":[4.103008002],"iteration":424,"passed_time":0.6183237245,"remaining_time":0.8365556273},
{"learn":[4.099176337],"iteration":425,"passed_time":0.6196207713,"remaining_time":0.8348880816},
{"learn":[4.096525716],"iteration":426,"passed_time":0.620758311,"remaining_time":0.8330082253},
{"learn":[4.094967724],"iteration":427,"passed_time":0.6218371357,"remaining_time":0.8310533683},
{"learn":[4.094683584],"iteration":428,"passed_time":0.6228040339,"remaining_time":0.8289536209},
{"learn":[4.091096563],"iteration":429,"passed_time":0.6237967359,"remaining_time":0.8268933475},
{"learn":[4.089178677],"iteration":430,"passed_time":0.6248036429,"remaining_time":0.8248567815},
{"learn":[4.085335077],"iteration":431,"passed_time":0.62596569,"remaining_time":0.8230289628},
{"learn":[4.084852122],"iteration":432,"passed_time":0.6271289933,"remaining_time":0.8212058642},
{"learn":[4.080322952],"iteration":433,"passed_time":0.6281862948,"remaining_time":0.8192475642},
{"learn":[4.077449519],"iteration":434,"passed_time":0.6292247799,"remaining_time":0.817268967},
{"learn":[4.076568374],"iteration":435,"passed_time":0.6302312759,"remaining_time":0.8152533018},
{"learn":[4.076071793],"iteration":436,"passed_time":0.6312145445,"remaining_time":0.8132123308},
{"learn":[4.075027644],"iteration":437,"passed_time":0.6322333309,"remaining_time":0.8112217625},
{"learn":[4.07020837],"iteration":438,"passed_time":0.6332609491,"remaining_time":0.8092469076},
{"learn":[4.06833694],"iteration":439,"passed_time":0.6342878255,"remaining_time":0.8072754142},
{"learn":[4.063936568],"iteration":440,"passed_time":0.6355248509,"remaining_time":0.8055745842},
{"learn":[4.061734926],"iteration":441,"passed_time":0.6367778962,"remaining_time":0.8038960771},
{"learn":[4.060815619],"iteration":442,"passed_time":0.6378465457,"remaining_time":0.8019876433},
{"learn":[4.056407489],"iteration":443,"passed_time":0.6389201976,"remaining_time":0.8000892565},
{"learn":[4.05238936],"iteration":444,"passed_time":0.6399882958,"remaining_time":0.7981876498},
{"learn":[4.049685254],"iteration":445,"passed_time":0.6411096254,"remaining_time":0.7963559024},
{"learn":[4.045162016],"iteration":446,"passed_time":0.6423238044,"remaining_time":0.794642201},
{"learn":[4.042955482],"iteration":447,"passed_time":0.6434933331,"remaining_time":0.792875714},
{"learn":[4.041467663],"iteration":448,"passed_time":0.6447839656,"remaining_time":0.7912605013},
{"learn":[4.038920476],"iteration":449,"passed_time":0.6459015861,"remaining_time":0.7894352719},
{"learn":[4.036694383],"iteration":450,"passed_time":0.6471634629,"remaining_time":0.787788783},
{"learn":[4.034999007],"iteration":451,"passed_time":0.6484251092,"remaining_time":0.7861437164},
{"learn":[4.031928018],"iteration":452,"passed_time":0.6496396491,"remaining_time":0.7844434614},
{"learn":[4.028718143],"iteration":453,"passed_time":0.6508423597,"remaining_time":0.7827311198},
{"learn":[4.027401978],"iteration":454,"passed_time":0.6520065853,"remaining_time":0.7809749209},
{"learn":[4.025930598],"iteration":455,"passed_time":0.6533229417,"remaining_time":0.7794028076},
{"learn":[4.021074523],"iteration":456,"passed_time":0.6545925576,"remaining_time":0.7777762774},
{"learn":[4.020268486],"iteration":457,"passed_time":0.6557524425,"remaining_time":0.7760214494},
{"learn":[4.017986361],"iteration":458,"passed_time":0.6569686866,"remaining_time":0.7743356415},
{"learn":[4.014814804],"iteration":459,"passed_time":0.6582039677,"remaining_time":0.7726742229},
{"learn":[4.009704796],"iteration":460,"passed_time":0.6594298656,"remaining_time":0.7710036824},
{"learn":[4.008440457],"iteration":461,"passed_time":0.6606210578,"remaining_time":0.7692946518},
{"learn":[4.004854849],"iteration":462,"passed_time":0.6621418573,"remaining_time":0.7679701455},
{"learn":[4.000898028],"iteration":463,"passed_time":0.6631621894,"remaining_time":0.766066667},
{"learn":[3.996617985],"iteration":464,"passed_time":0.6643720677,"remaining_time":0.7643850672},
{"learn":[3.995443319],"iteration":465,"passed_time":0.6656295036,"remaining_time":0.7627599891},
{"learn":[3.990771995],"iteration":466,"passed_time":0.666917493,"remaining_time":0.7611713571},
{"learn":[3.989249359],"iteration":467,"passed_time":0.6683761458,"remaining_time":0.7597780119},
{"learn":[3.986599538],"iteration":468,"passed_time":0.669551118,"remaining_time":0.7580632061},
{"learn":[3.985628919],"iteration":469,"passed_time":0.6708848892,"remaining_time":0.7565297687},
{"learn":[3.985086112],"iteration":470,"passed_time":0.6720677008,"remaining_time":0.7548276299},
{"learn":[3.98466839],"iteration":471,"passed_time":0.6733021648,"remaining_time":0.7531854725},
{"learn":[3.984233894],"iteration":472,"passed_time":0.6742761907,"remaining_time":0.7512548678},
{"learn":[3.981855845],"iteration":473,"passed_time":0.6754978882,"remaining_time":0.7496031418},
{"learn":[3.978684264],"iteration":474,"passed_time":0.6767627223,"remaining_time":0.7480009036},
{"learn":[3.974361269],"iteration":475,"passed_time":0.678018484,"remaining_time":0.7463900959},
{"learn":[3.972074049],"iteration":476,"passed_time":0.6793364848,"remaining_time":0.7448490179},
{"learn":[3.97191982],"iteration":477,"passed_time":0.6805028356,"remaining_time":0.743143264},
{"learn":[3.969616848],"iteration":478,"passed_time":0.6819087028,"remaining_time":0.74170028},
{"learn":[3.968533527],"iteration":479,"passed_time":0.6831897369,"remaining_time":0.740122215},
{"learn":[3.967568753],"iteration":480,"passed_time":0.6844744983,"remaining_time":0.7385494067},
{"learn":[3.966232553],"iteration":481,"passed_time":0.6856876749,"remaining_time":0.7369008622},
{"learn":[3.961522393],"iteration":482,"passed_time":0.6869312063,"remaining_time":0.7352866122},
{"learn":[3.955829553],"iteration":483,"passed_time":0.6883026406,"remaining_time":0.7338102532},
{"learn":[3.954248095],"iteration":484,"passed_time":0.6895305235,"remaining_time":0.732181896},
{"learn":[3.951922606],"iteration":485,"passed_time":0.6907741251,"remaining_time":0.7305718113},
{"learn":[3.94978202],"iteration":486,"passed_time":0.6919989504,"remaining_time":0.7289434529},
{"learn":[3.949518999],"iteration":487,"passed_time":0.6932539603,"remaining_time":0.7273484173},
{"learn":[3.945431216],"iteration":488,"passed_time":0.6944819333,"remaining_time":0.7257265193},
{"learn":[3.943249086],"iteration":489,"passed_time":0.6957022675,"remaining_time":0.7240982784},
{"learn":[3.941981548],"iteration":490,"passed_time":0.696913008,"remaining_time":0.7224617537},
{"learn":[3.936600517],"iteration":491,"passed_time":0.6981879674,"remaining_time":0.7208932672},
{"learn":[3.934476885],"iteration":492,"passed_time":0.6993719819,"remaining_time":0.7192324439},
{"learn":[3.93045798],"iteration":493,"passed_time":0.7006245557,"remaining_time":0.7176437757},
{"learn":[3.925977375],"iteration":494,"passed_time":0.7018426043,"remaining_time":0.7160212428},
{"learn":[3.92457993],"iteration":495,"passed_time":0.7031766941,"remaining_time":0.7145182537},
{"learn":[3.919849146],"iteration":496,"passed_time":0.704342233,"remaining_time":0.7128453585},
{"learn":[3.919681964],"iteration":497,"passed_time":0.7053524582,"remaining_time":0.7110179398},
{"learn":[3.917633027],"iteration":498,"passed_time":0.7064682342,"remaining_time":0.7092997702},
{"learn":[3.916616419],"iteration":499,"passed_time":0.7076769697,"remaining_time":0.7076769697},
{"learn":[3.912896166],"iteration":500,"passed_time":0.7087824602,"remaining_time":0.7059529893},
{"learn":[3.912769674],"iteration":501,"passed_time":0.7098266744,"remaining_time":0.704170685},
{"learn":[3.909373788],"iteration":502,"passed_time":0.711004263,"remaining_time":0.7025230989},
{"learn":[3.906706036],"iteration":503,"passed_time":0.7122360856,"remaining_time":0.7009307509},
{"learn":[3.903895664],"iteration":504,"passed_time":0.7134282602,"remaining_time":0.699300968},
{"learn":[3.902982967],"iteration":505,"passed_time":0.7145829022,"remaining_time":0.6976362721},
{"learn":[3.900905528],"iteration":506,"passed_time":0.7159346914,"remaining_time":0.6961652916},
{"learn":[3.897463465],"iteration":507,"passed_time":0.7171411513,"remaining_time":0.6945540284},
{"learn":[3.895918033],"iteration":508,"passed_time":0.7183170959,"remaining_time":0.6929149196},
{"learn":[3.893921936],"iteration":509,"passed_time":0.7194992157,"remaining_time":0.6912835601},
{"learn":[3.890237934],"iteration":510,"passed_time":0.7207005229,"remaining_time":0.6896723203},
{"learn":[3.887311613],"iteration":511,"passed_time":0.7218966773,"remaining_time":0.6880577706},
{"learn":[3.884869735],"iteration":512,"passed_time":0.7231975605,"remaining_time":0.6865442728},
{"learn":[3.882101231],"iteration":513,"passed_time":0.7244578233,"remaining_time":0.6849931948},
{"learn":[3.88060368],"iteration":514,"passed_time":0.7256656065,"remaining_time":0.6833938236},
{"learn":[3.877726076],"iteration":515,"passed_time":0.7268544128,"remaining_time":0.6817781701},
{"learn":[3.874938145],"iteration":516,"passed_time":0.7280537451,"remaining_time":0.6801740017},
{"learn":[3.874340833],"iteration":517,"passed_time":0.7293237821,"remaining_time":0.6786371872},
{"learn":[3.873105224],"iteration":518,"passed_time":0.7304897319,"remaining_time":0.6770049346},
{"learn":[3.869800236],"iteration":519,"passed_time":0.731675611,"remaining_time":0.6753928717},
{"learn":[3.867932518],"iteration":520,"passed_time":0.7329379186,"remaining_time":0.6738527121},
{"learn":[3.866666962],"iteration":521,"passed_time":0.7342340049,"remaining_time":0.6723445485},
{"learn":[3.865527652],"iteration":522,"passed_time":0.735214206,"remaining_time":0.6705490942},
{"learn":[3.861900081],"iteration":523,"passed_time":0.7364424898,"remaining_time":0.668982109},
{"learn":[3.858502887],"iteration":524,"passed_time":0.7376250206,"remaining_time":0.6673750186},
{"learn":[3.858335097],"iteration":525,"passed_time":0.7387825797,"remaining_time":0.6657470395},
{"learn":[3.855719306],"iteration":526,"passed_time":0.7399857315,"remaining_time":0.6641617666},
{"learn":[3.855137428],"iteration":527,"passed_time":0.7411500574,"remaining_time":0.6625432331},
{"learn":[3.851985706],"iteration":528,"passed_time":0.7426121039,"remaining_time":0.6611914951},
{"learn":[3.851051809],"iteration":529,"passed_time":0.7438574098,"remaining_time":0.659647137},
{"learn":[3.850679146],"iteration":530,"passed_time":0.7451334042,"remaining_time":0.6581310105},
{"learn":[3.848179484],"iteration":531,"passed_time":0.7463962534,"remaining_time":0.656604223},
{"learn":[3.844551071],"iteration":532,"passed_time":0.7476293191,"remaining_time":0.6550523302},
{"learn":[3.841604794],"iteration":533,"passed_time":0.7488972208,"remaining_time":0.6535320316},
{"learn":[3.83969656],"iteration":534,"passed_time":0.7501457665,"remaining_time":0.6519958531},
{"learn":[3.836811463],"iteration":535,"passed_time":0.751495225,"remaining_time":0.6505481052},
{"learn":[3.834182551],"iteration":536,"passed_time":0.7527876519,"remaining_time":0.6490515509},
{"learn":[3.828012842],"iteration":537,"passed_time":0.7537251876,"remaining_time":0.6472509975},
{"learn":[3.826636176],"iteration":538,"passed_time":0.7548385529,"remaining_time":0.6456040313},
{"learn":[3.826189798],"iteration":539,"passed_time":0.7558943407,"remaining_time":0.6439099939},
{"learn":[3.824104738],"iteration":540,"passed_time":0.7569539178,"remaining_time":0.642221531},
{"learn":[3.82300218],"iteration":541,"passed_time":0.7580369156,"remaining_time":0.6405551796},
{"learn":[3.817146402],"iteration":542,"passed_time":0.7591112463,"remaining_time":0.6388836825},
{"learn":[3.814638044],"iteration":543,"passed_time":0.7601669439,"remaining_time":0.6371987618},
{"learn":[3.812979573],"iteration":544,"passed_time":0.7614143377,"remaining_time":0.6356761902},
{"learn":[3.811938825],"iteration":545,"passed_time":0.7624958189,"remaining_time":0.63401667},
{"learn":[3.811479418],"iteration":546,"passed_time":0.7635571175,"remaining_time":0.6323425489},
{"learn":[3.80742981],"iteration":547,"passed_time":0.7647161403,"remaining_time":0.630751269},
{"learn":[3.805097043],"iteration":548,"passed_time":0.7659133273,"remaining_time":0.6291929155},
{"learn":[3.801577232],"iteration":549,"passed_time":0.7671073064,"remaining_time":0.6276332507},
{"learn":[3.799762083],"iteration":550,"passed_time":0.7681491497,"remaining_time":0.6259509405},
{"learn":[3.796393455],"iteration":551,"passed_time":0.7695352029,"remaining_time":0.6245503096},
{"learn":[3.793486459],"iteration":552,"passed_time":0.7707699878,"remaining_time":0.6230274585},
{"learn":[3.792006091],"iteration":553,"passed_time":0.7719735659,"remaining_time":0.6214805242},
{"learn":[3.78932128],"iteration":554,"passed_time":0.773135566,"remaining_time":0.6199014899},
{"learn":[3.787581812],"iteration":555,"passed_time":0.7741863915,"remaining_time":0.618235176},
{"learn":[3.785308865],"iteration":556,"passed_time":0.7752081152,"remaining_time":0.6165479264},
{"learn":[3.78465475],"iteration":557,"passed_time":0.7761844266,"remaining_time":0.6148270906},
{"learn":[3.780498869],"iteration":558,"passed_time":0.7772151124,"remaining_time":0.613151815},
{"learn":[3.778734909],"iteration":559,"passed_time":0.7782770453,"remaining_time":0.6115033928},
{"learn":[3.778652349],"iteration":560,"passed_time":0.7794833596,"remaining_time":0.6099700443},
{"learn":[3.777928006],"iteration":561,"passed_time":0.7807359033,"remaining_time":0.6084738891},
{"learn":[3.776131406],"iteration":562,"passed_time":0.7819990433,"remaining_time":0.606986824},
{"learn":[3.772925617],"iteration":563,"passed_time":0.7833756885,"remaining_time":0.6055882982},
{"learn":[3.7727745],"iteration":564,"passed_time":0.7845280549,"remaining_time":0.604017175},
{"learn":[3.771763073],"iteration":565,"passed_time":0.7856952177,"remaining_time":0.6024588772},
{"learn":[3.768738162],"iteration":566,"passed_time":0.7869112413,"remaining_time":0.6009392724},
{"learn":[3.767220794],"iteration":567,"passed_time":0.7881611184,"remaining_time":0.5994464844},
{"learn":[3.766691102],"iteration":568,"passed_time":0.7894137026,"remaining_time":0.5979566007},
{"learn":[3.766259335],"iteration":569,"passed_time":0.7906448535,"remaining_time":0.5964513807},
{"learn":[3.76116362],"iteration":570,"passed_time":0.791879493,"remaining_time":0.5949497417},
{"learn":[3.758633056],"iteration":571,"passed_time":0.7931504823,"remaining_time":0.593476235},
{"learn":[3.754603809],"iteration":572,"passed_time":0.7943773226,"remaining_time":0.5919705353},
{"learn":[3.754070549],"iteration":573,"passed_time":0.7955516832,"remaining_time":0.590426859},
{"learn":[3.750534319],"iteration":574,"passed_time":0.7969207345,"remaining_time":0.5890283689},
{"learn":[3.746491516],"iteration":575,"passed_time":0.7981290891,"remaining_time":0.5875116906},
{"learn":[3.744210544],"iteration":576,"passed_time":0.799302748,"remaining_time":0.5859706454},
{"learn":[3.742929991],"iteration":577,"passed_time":0.8005168768,"remaining_time":0.5844604187},
{"learn":[3.740402992],"iteration":578,"passed_time":0.8017036481,"remaining_time":0.5829313227},
{"learn":[3.739644243],"iteration":579,"passed_time":0.8028430825,"remaining_time":0.5813691287},
{"learn":[3.737529404],"iteration":580,"passed_time":0.8040142452,"remaining_time":0.5798312715},
{"learn":[3.737196923],"iteration":581,"passed_time":0.8051956232,"remaining_time":0.5783020112},
{"learn":[3.733954464],"iteration":582,"passed_time":0.8063681092,"remaining_time":0.5767675841},
{"learn":[3.731608623],"iteration":583,"passed_time":0.8075717321,"remaining_time":0.5752565763},
{"learn":[3.729843952],"iteration":584,"passed_time":0.8087884474,"remaining_time":0.5737559071},
{"learn":[3.727223798],"iteration":585,"passed_time":0.8100370113,"remaining_time":0.5722787077},
{"learn":[3.725351667],"iteration":586,"passed_time":0.8112273414,"remaining_time":0.5707613152},
{"learn":[3.725026912],"iteration":587,"passed_time":0.8123812615,"remaining_time":0.5692195234},
{"learn":[3.721974565],"iteration":588,"passed_time":0.813558399,"remaining_time":0.5676952496},
{"learn":[3.720269493],"iteration":589,"passed_time":0.8147489397,"remaining_time":0.5661814665},
{"learn":[3.718907466],"iteration":590,"passed_time":0.8159153306,"remaining_time":0.5646520647},
{"learn":[3.715602912],"iteration":591,"passed_time":0.8171096706,"remaining_time":0.5631431514},
{"learn":[3.714463059],"iteration":592,"passed_time":0.8182917801,"remaining_time":0.5616269047},
{"learn":[3.710802077],"iteration":593,"passed_time":0.8195116832,"remaining_time":0.5601376151},
{"learn":[3.708032435],"iteration":594,"passed_time":0.8204924156,"remaining_time":0.5584864341},
{"learn":[3.703788939],"iteration":595,"passed_time":0.8216927504,"remaining_time":0.556986361},
{"learn":[3.702500944],"iteration":596,"passed_time":0.8227297116,"remaining_time":0.555377008},
{"learn":[3.698196925],"iteration":597,"passed_time":0.8237729685,"remaining_time":0.5537738015},
{"learn":[3.69658891],"iteration":598,"passed_time":0.8247917448,"remaining_time":0.5521560762},
{"learn":[3.696124066],"iteration":599,"passed_time":0.8257850382,"remaining_time":0.5505233588},
{"learn":[3.693537052],"iteration":600,"passed_time":0.8268814817,"remaining_time":0.5489612499},
{"learn":[3.691343275],"iteration":601,"passed_time":0.8282307845,"remaining_time":0.5475678608},
{"learn":[3.690973831],"iteration":602,"passed_time":0.8296229932,"remaining_time":0.5462028662},
{"learn":[3.686151073],"iteration":603,"passed_time":0.8308212228,"remaining_time":0.544710603},
{"learn":[3.683921982],"iteration":604,"passed_time":0.8319695792,"remaining_time":0.54318675},
{"learn":[3.679975271],"iteration":605,"passed_time":0.8329783508,"remaining_time":0.5415733832},
{"learn":[3.674047638],"iteration":606,"passed_time":0.8340763829,"remaining_time":0.5400197998},
{"learn":[3.673151794],"iteration":607,"passed_time":0.8353616375,"remaining_time":0.5385884242},
{"learn":[3.670953108],"iteration":608,"passed_time":0.8365976805,"remaining_time":0.5371259328},
{"learn":[3.6703947],"iteration":609,"passed_time":0.837774437,"remaining_time":0.5356262794},
{"learn":[3.668433805],"iteration":610,"passed_time":0.8390171966,"remaining_time":0.5341697045},
{"learn":[3.668304956],"iteration":611,"passed_time":0.8401425362,"remaining_time":0.5326393857},
{"learn":[3.667880012],"iteration":612,"passed_time":0.8413119145,"remaining_time":0.5311381907},
{"learn":[3.667282264],"iteration":613,"passed_time":0.8424545668,"remaining_time":0.5296212749},
{"learn":[3.664611483],"iteration":614,"passed_time":0.8438897714,"remaining_time":0.5282887187},
{"learn":[3.662543394],"iteration":615,"passed_time":0.8450468544,"remaining_time":0.5267824547},
{"learn":[3.659041959],"iteration":616,"passed_time":0.8460698512,"remaining_time":0.5251940891},
{"learn":[3.656868545],"iteration":617,"passed_time":0.8473355474,"remaining_time":0.5237575714},
{"learn":[3.654785614],"iteration":618,"passed_time":0.848572653,"remaining_time":0.5223040078},
{"learn":[3.654566096],"iteration":619,"passed_time":0.8496404705,"remaining_time":0.5207473851},
{"learn":[3.651007045],"iteration":620,"passed_time":0.8509533837,"remaining_time":0.5193419201},
{"learn":[3.648921786],"iteration":621,"passed_time":0.8522319116,"remaining_time":0.5179158562},
{"learn":[3.647655706],"iteration":622,"passed_time":0.853513998,"remaining_time":0.5164924193},
{"learn":[3.647241144],"iteration":623,"passed_time":0.8547210594,"remaining_time":0.5150242281},
{"learn":[3.644195689],"iteration":624,"passed_time":0.8561325862,"remaining_time":0.5136795517},
{"learn":[3.642632246],"iteration":625,"passed_time":0.8573765985,"remaining_time":0.5122345812},
{"learn":[3.642523322],"iteration":626,"passed_time":0.8583446696,"remaining_time":0.5106260953},
{"learn":[3.641494659],"iteration":627,"passed_time":0.8595409143,"remaining_time":0.5091548091},
{"learn":[3.63976496],"iteration":628,"passed_time":0.860817698,"remaining_time":0.5077319013},
{"learn":[3.637945652],"iteration":629,"passed_time":0.8621273581,"remaining_time":0.5063287659},
{"learn":[3.636233667],"iteration":630,"passed_time":0.8633554013,"remaining_time":0.5048781982},
{"learn":[3.635304404],"iteration":631,"passed_time":0.86454515,"remaining_time":0.5034060367},
{"learn":[3.632234951],"iteration":632,"passed_time":0.8657358209,"remaining_time":0.5019353022},
{"learn":[3.631630987],"iteration":633,"passed_time":0.8669362559,"remaining_time":0.5004710878},
{"learn":[3.630301009],"iteration":634,"passed_time":0.8681365306,"remaining_time":0.4990076121},
{"learn":[3.629077964],"iteration":635,"passed_time":0.869303914,"remaining_time":0.4975261395},
{"learn":[3.628004522],"iteration":636,"passed_time":0.8704721796,"remaining_time":0.4960461557},
{"learn":[3.625062876],"iteration":637,"passed_time":0.8716968846,"remaining_time":0.4945991728},
{"learn":[3.624917986],"iteration":638,"passed_time":0.872835948,"remaining_time":0.4931045027},
{"learn":[3.622887087],"iteration":639,"passed_time":0.874042418,"remaining_time":0.4916488601},
{"learn":[3.621220865],"iteration":640,"passed_time":0.8753076731,"remaining_time":0.4902269183},
{"learn":[3.621143844],"iteration":641,"passed_time":0.8764342357,"remaining_time":0.4887281252},
{"learn":[3.620822821],"iteration":642,"passed_time":0.8774251532,"remaining_time":0.4871551784},
{"learn":[3.619202826],"iteration":643,"passed_time":0.8784564906,"remaining_time":0.485606383},
{"learn":[3.618204882],"iteration":644,"passed_time":0.8794791967,"remaining_time":0.4840544416},
{"learn":[3.614259666],"iteration":645,"passed_time":0.8805777601,"remaining_time":0.4825457075},
{"learn":[3.613415661],"iteration":646,"passed_time":0.8817472788,"remaining_time":0.4810769543},
{"learn":[3.611096773],"iteration":647,"passed_time":0.8827949264,"remaining_time":0.479542923},
{"learn":[3.610820695],"iteration":648,"passed_time":0.8838102443,"remaining_time":0.4779929056},
{"learn":[3.609290065],"iteration":649,"passed_time":0.8851925234,"remaining_time":0.476642128},
{"learn":[3.60897947],"iteration":650,"passed_time":0.8862926711,"remaining_time":0.4751400034},
{"learn":[3.606570702],"iteration":651,"passed_time":0.88745418,"remaining_time":0.4736718629},
{"learn":[3.606292637],"iteration":652,"passed_time":0.8884850663,"remaining_time":0.4721352496},
{"learn":[3.602753838],"iteration":653,"passed_time":0.8896660833,"remaining_time":0.4706796098},
{"learn":[3.599755869],"iteration":654,"passed_time":0.8908439927,"remaining_time":0.4692231717},
{"learn":[3.599509575],"iteration":655,"passed_time":0.8920275962,"remaining_time":0.4677705687},
{"learn":[3.595337722],"iteration":656,"passed_time":0.8932967209,"remaining_time":0.4663634327},
{"learn":[3.595168561],"iteration":657,"passed_time":0.8944406263,"remaining_time":0.4648916325},
{"learn":[3.59290559],"iteration":658,"passed_time":0.8956589556,"remaining_time":0.4634593382},
{"learn":[3.592015928],"iteration":659,"passed_time":0.8968563531,"remaining_time":0.4620169092},
{"learn":[3.590680403],"iteration":660,"passed_time":0.8980578608,"remaining_time":0.4605773295},
{"learn":[3.590361532],"iteration":661,"passed_time":0.8993136222,"remaining_time":0.4591661696},
{"learn":[3.589069739],"iteration":662,"passed_time":0.9005145585,"remaining_time":0.4577276112},
{"learn":[3.585010186],"iteration":663,"passed_time":0.9017122167,"remaining_time":0.4562881096},
{"learn":[3.582997552],"iteration":664,"passed_time":0.9029812514,"remaining_time":0.4548852921},
{"learn":[3.582119256],"iteration":665,"passed_time":0.9043094868,"remaining_time":0.4535125655},
{"learn":[3.579019356],"iteration":666,"passed_time":0.9055725666,"remaining_time":0.4521074433},
{"learn":[3.57719559],"iteration":667,"passed_time":0.9067947908,"remaining_time":0.4506824409},
{"learn":[3.574050046],"iteration":668,"passed_time":0.9080759148,"remaining_time":0.4492871866},
{"learn":[3.572204518],"iteration":669,"passed_time":0.9091729044,"remaining_time":0.4478015798},
{"learn":[3.569508025],"iteration":670,"passed_time":0.9101823777,"remaining_time":0.446274221},
{"learn":[3.566268704],"iteration":671,"passed_time":0.9112215144,"remaining_time":0.444762882},
{"learn":[3.562564052],"iteration":672,"passed_time":0.9122941137,"remaining_time":0.4432692053},
{"learn":[3.561173586],"iteration":673,"passed_time":0.9133292705,"remaining_time":0.4417586679},
{"learn":[3.559551904],"iteration":674,"passed_time":0.9143612494,"remaining_time":0.440248009},
{"learn":[3.558593054],"iteration":675,"passed_time":0.9154210972,"remaining_time":0.4387521235},
{"learn":[3.555647008],"iteration":676,"passed_time":0.91664085,"remaining_time":0.4373338176},
{"learn":[3.553100059],"iteration":677,"passed_time":0.9177186722,"remaining_time":0.4358486909},
{"learn":[3.55085578],"iteration":678,"passed_time":0.9187851263,"remaining_time":0.4343593896},
{"learn":[3.550737965],"iteration":679,"passed_time":0.9198168246,"remaining_time":0.4328549763},
{"learn":[3.549408772],"iteration":680,"passed_time":0.9209655118,"remaining_time":0.4314067522},
{"learn":[3.547390589],"iteration":681,"passed_time":0.9221595009,"remaining_time":0.4299805297},
{"learn":[3.54723575],"iteration":682,"passed_time":0.9232825247,"remaining_time":0.4285220503},
{"learn":[3.543988891],"iteration":683,"passed_time":0.9245614086,"remaining_time":0.4271365572},
{"learn":[3.543868508],"iteration":684,"passed_time":0.9255317653,"remaining_time":0.4256094979},
{"learn":[3.542752124],"iteration":685,"passed_time":0.9266098532,"remaining_time":0.424133373},
{"learn":[3.541334315],"iteration":686,"passed_time":0.9278495151,"remaining_time":0.4227320207},
{"learn":[3.540208266],"iteration":687,"passed_time":0.9291150309,"remaining_time":0.4213428628},
{"learn":[3.537730983],"iteration":688,"passed_time":0.9303113357,"remaining_time":0.4199228235},
{"learn":[3.53419867],"iteration":689,"passed_time":0.931541023,"remaining_time":0.4185184306},
{"learn":[3.532628335],"iteration":690,"passed_time":0.9327502999,"remaining_time":0.4171054163},
{"learn":[3.532204987],"iteration":691,"passed_time":0.9340675037,"remaining_time":0.4157410276},
{"learn":[3.530618147],"iteration":692,"passed_time":0.9349076689,"remaining_time":0.4141654464},
{"learn":[3.528909306],"iteration":693,"passed_time":0.9360275048,"remaining_time":0.4127152975},
{"learn":[3.526700678],"iteration":694,"passed_time":0.9373194359,"remaining_time":0.4113416229},
{"learn":[3.526439574],"iteration":695,"passed_time":0.9384654866,"remaining_time":0.4099044654},
{"learn":[3.525784216],"iteration":696,"passed_time":0.9397343603,"remaining_time":0.4085215368},
{"learn":[3.524112693],"iteration":697,"passed_time":0.9410080463,"remaining_time":0.4071410172},
{"learn":[3.522813541],"iteration":698,"passed_time":0.9422791262,"remaining_time":0.4057596809},
{"learn":[3.519148203],"iteration":699,"passed_time":0.9434635163,"remaining_time":0.404341507},
{"learn":[3.517236747],"iteration":700,"passed_time":0.9444802877,"remaining_time":0.402852505},
{"learn":[3.515603888],"iteration":701,"passed_time":0.945628223,"remaining_time":0.4014205277},
{"learn":[3.51263524],"iteration":702,"passed_time":0.9468448781,"remaining_time":0.4000183909},
{"learn":[3.51123442],"iteration":703,"passed_time":0.9480702949,"remaining_time":0.3986204649},
{"learn":[3.50828027],"iteration":704,"passed_time":0.949288173,"remaining_time":0.3972198738},
{"learn":[3.508265537],"iteration":705,"passed_time":0.9500540748,"remaining_time":0.3956315835},
{"learn":[3.506774876],"iteration":706,"passed_time":0.9512914561,"remaining_time":0.3942410136},
{"learn":[3.50552068],"iteration":707,"passed_time":0.952537895,"remaining_time":0.3928546121},
{"learn":[3.501973993],"iteration":708,"passed_time":0.9537874514,"remaining_time":0.3914698849},
{"learn":[3.498880354],"iteration":709,"passed_time":0.9549898513,"remaining_time":0.3900662773},
{"learn":[3.497370959],"iteration":710,"passed_time":0.9562258241,"remaining_time":0.3886768821},
{"learn":[3.496050455],"iteration":711,"passed_time":0.9574572257,"remaining_time":0.3872860688},
{"learn":[3.495630067],"iteration":712,"passed_time":0.958738049,"remaining_time":0.3859155961},
{"learn":[3.49550669],"iteration":713,"passed_time":0.9599387346,"remaining_time":0.3845132747},
{"learn":[3.493652375],"iteration":714,"passed_time":0.9612322195,"remaining_time":0.3831485071},
{"learn":[3.491915684],"iteration":715,"passed_time":0.9624598216,"remaining_time":0.3817578063},
{"learn":[3.490303956],"iteration":716,"passed_time":0.96389439,"remaining_time":0.3804492502},
{"learn":[3.488363853],"iteration":717,"passed_time":0.9651110852,"remaining_time":0.3790547716},
{"learn":[3.485483936],"iteration":718,"passed_time":0.9663394492,"remaining_time":0.377665348},
{"learn":[3.483763466],"iteration":719,"passed_time":0.9675882036,"remaining_time":0.3762843014},
{"learn":[3.481642352],"iteration":720,"passed_time":0.9688392938,"remaining_time":0.3749045256},
{"learn":[3.479826119],"iteration":721,"passed_time":0.970107832,"remaining_time":0.3735318245},
{"learn":[3.478588728],"iteration":722,"passed_time":0.9713376496,"remaining_time":0.3721445767},
{"learn":[3.475390887],"iteration":723,"passed_time":0.9725948148,"remaining_time":0.3707681891},
{"learn":[3.472636852],"iteration":724,"passed_time":0.9738009539,"remaining_time":0.3693727756},
{"learn":[3.47061883],"iteration":725,"passed_time":0.9750618884,"remaining_time":0.3679985639},
{"learn":[3.46953149],"iteration":726,"passed_time":0.9762477274,"remaining_time":0.3665964643},
{"learn":[3.467217162],"iteration":727,"passed_time":0.9777884332,"remaining_time":0.3653275465},
{"learn":[3.465686216],"iteration":728,"passed_time":0.9789332008,"remaining_time":0.363910696},
{"learn":[3.462631216],"iteration":729,"passed_time":0.9801580461,"remaining_time":0.3625242088},
{"learn":[3.461451053],"iteration":730,"passed_time":0.9813736887,"remaining_time":0.3611347774},
{"learn":[3.458950469],"iteration":731,"passed_time":0.9827151818,"remaining_time":0.3597918972},
{"learn":[3.458072145],"iteration":732,"passed_time":0.9838904848,"remaining_time":0.3583884849},
{"learn":[3.454364268],"iteration":733,"passed_time":0.9851114506,"remaining_time":0.3570022423},
{"learn":[3.453243406],"iteration":734,"passed_time":0.9863736983,"remaining_time":0.3556313334},
{"learn":[3.453017963],"iteration":735,"passed_time":0.9876856838,"remaining_time":0.3542785605},
{"learn":[3.45201581],"iteration":736,"passed_time":0.9892147374,"remaining_time":0.3530033595},
{"learn":[3.449510107],"iteration":737,"passed_time":0.9904025244,"remaining_time":0.3516063162},
{"learn":[3.447189189],"iteration":738,"passed_time":0.9915840226,"remaining_time":0.3502076183},
{"learn":[3.446423605],"iteration":739,"passed_time":0.9928089952,"remaining_time":0.3488247821},
{"learn":[3.445531987],"iteration":740,"passed_time":0.9940080267,"remaining_time":0.3474333049},
{"learn":[3.445328199],"iteration":741,"passed_time":0.9952022768,"remaining_time":0.3460406839},
{"learn":[3.443327544],"iteration":742,"passed_time":0.9964893258,"remaining_time":0.3446806955},
{"learn":[3.441475798],"iteration":743,"passed_time":0.997553394,"remaining_time":0.3432441786},
{"learn":[3.439046501],"iteration":744,"passed_time":0.9984560034,"remaining_time":0.3417533972},
{"learn":[3.435899469],"iteration":745,"passed_time":0.9995143976,"remaining_time":0.3403172346},
{"learn":[3.433988352],"iteration":746,"passed_time":1.000757268,"remaining_time":0.3389445632},
{"learn":[3.433413263],"iteration":747,"passed_time":1.002003897,"remaining_time":0.3375735053},
{"learn":[3.429944699],"iteration":748,"passed_time":1.003227449,"remaining_time":0.3361950463},
{"learn":[3.429291634],"iteration":749,"passed_time":1.004404576,"remaining_time":0.3348015254},
{"learn":[3.429175603],"iteration":750,"passed_time":1.005667611,"remaining_time":0.333437064},
{"learn":[3.428780323],"iteration":751,"passed_time":1.006892015,"remaining_time":0.3320601326},
{"learn":[3.423893341],"iteration":752,"passed_time":1.008201655,"remaining_time":0.3307115653},
{"learn":[3.421024316],"iteration":753,"passed_time":1.00947494,"remaining_time":0.3293512402},
{"learn":[3.420969872],"iteration":754,"passed_time":1.010626484,"remaining_time":0.3279516405},
{"learn":[3.419544785],"iteration":755,"passed_time":1.011800855,"remaining_time":0.3265600642},
{"learn":[3.417057977],"iteration":756,"passed_time":1.013012728,"remaining_time":0.3251811002},
{"learn":[3.415160245],"iteration":757,"passed_time":1.014333671,"remaining_time":0.3238373988},
{"learn":[3.412854597],"iteration":758,"passed_time":1.015571217,"remaining_time":0.3224672772},
{"learn":[3.410926347],"iteration":759,"passed_time":1.016478448,"remaining_time":0.3209931941},
{"learn":[3.408963843],"iteration":760,"passed_time":1.017712727,"remaining_time":0.3196233137},
{"learn":[3.407629634],"iteration":761,"passed_time":1.018996185,"remaining_time":0.3182691496},
{"learn":[3.404384724],"iteration":762,"passed_time":1.020222073,"remaining_time":0.3168972887},
{"learn":[3.403041656],"iteration":763,"passed_time":1.021554875,"remaining_time":0.3155588357},
{"learn":[3.401101731],"iteration":764,"passed_time":1.022829784,"remaining_time":0.3142026133},
{"learn":[3.400890668],"iteration":765,"passed_time":1.02430694,"remaining_time":0.3129083862},
{"learn":[3.399289941],"iteration":766,"passed_time":1.025552356,"remaining_time":0.3115432841},
{"learn":[3.399202366],"iteration":767,"passed_time":1.026627622,"remaining_time":0.310127094},
{"learn":[3.397447845],"iteration":768,"passed_time":1.027722516,"remaining_time":0.3087176868},
{"learn":[3.394655341],"iteration":769,"passed_time":1.029045012,"remaining_time":0.3073770816},
{"learn":[3.393228229],"iteration":770,"passed_time":1.030318227,"remaining_time":0.3060218858},
{"learn":[3.389691197],"iteration":771,"passed_time":1.031583452,"remaining_time":0.3046645428},
{"learn":[3.389626772],"iteration":772,"passed_time":1.03286816,"remaining_time":0.3033131595},
{"learn":[3.388480222],"iteration":773,"passed_time":1.034186005,"remaining_time":0.3019716242},
{"learn":[3.388215066],"iteration":774,"passed_time":1.035400555,"remaining_time":0.3006001611},
{"learn":[3.386324358],"iteration":775,"passed_time":1.036643495,"remaining_time":0.2992372975},
{"learn":[3.383913061],"iteration":776,"passed_time":1.037892099,"remaining_time":0.2978763682},
{"learn":[3.382839768],"iteration":777,"passed_time":1.039192977,"remaining_time":0.2965306439},
{"learn":[3.381961844],"iteration":778,"passed_time":1.040393332,"remaining_time":0.2951565166},
{"learn":[3.381521703],"iteration":779,"passed_time":1.041710676,"remaining_time":0.2938158317},
{"learn":[3.380918963],"iteration":780,"passed_time":1.043201949,"remaining_time":0.2925239781},
{"learn":[3.377139006],"iteration":781,"passed_time":1.044458373,"remaining_time":0.2911661448},
{"learn":[3.376004372],"iteration":782,"passed_time":1.045726174,"remaining_time":0.2898117239},
{"learn":[3.373826468],"iteration":783,"passed_time":1.046891529,"remaining_time":0.2884292989},
{"learn":[3.373546786],"iteration":784,"passed_time":1.048145527,"remaining_time":0.2870717049},
{"learn":[3.372109181],"iteration":785,"passed_time":1.049504383,"remaining_time":0.2857429237},
{"learn":[3.370764924],"iteration":786,"passed_time":1.050778811,"remaining_time":0.2843912158},
{"learn":[3.367833107],"iteration":787,"passed_time":1.051962675,"remaining_time":0.2830153391},
{"learn":[3.36450404],"iteration":788,"passed_time":1.053005261,"remaining_time":0.2816021673},
{"learn":[3.361794558],"iteration":789,"passed_time":1.054072868,"remaining_time":0.280196585},
{"learn":[3.356880529],"iteration":790,"passed_time":1.055119904,"remaining_time":0.2787864221},
{"learn":[3.353843509],"iteration":791,"passed_time":1.056153537,"remaining_time":0.2773736561},
{"learn":[3.353640253],"iteration":792,"passed_time":1.057162288,"remaining_time":0.2759553514},
{"learn":[3.353055088],"iteration":793,"passed_time":1.058133196,"remaining_time":0.27452826},
{"learn":[3.351415617],"iteration":794,"passed_time":1.059160173,"remaining_time":0.2731167742},
{"learn":[3.349169061],"iteration":795,"passed_time":1.060235519,"remaining_time":0.2717186506},
{"learn":[3.346211014],"iteration":796,"passed_time":1.061637234,"remaining_time":0.2704044649},
{"learn":[3.344560452],"iteration":797,"passed_time":1.062914376,"remaining_time":0.2690585262},
{"learn":[3.344445461],"iteration":798,"passed_time":1.064073128,"remaining_time":0.2676829771},
{"learn":[3.342608898],"iteration":799,"passed_time":1.065329631,"remaining_time":0.2663324079},
{"learn":[3.339572899],"iteration":800,"passed_time":1.066627838,"remaining_time":0.2649924341},
{"learn":[3.339309302],"iteration":801,"passed_time":1.067786159,"remaining_time":0.2636180292},
{"learn":[3.33698088],"iteration":802,"passed_time":1.069088736,"remaining_time":0.262279553},
{"learn":[3.334746342],"iteration":803,"passed_time":1.070375645,"remaining_time":0.2609373463},
{"learn":[3.332048511],"iteration":804,"passed_time":1.071611076,"remaining_time":0.2595828073},
{"learn":[3.331932544],"iteration":805,"passed_time":1.072828192,"remaining_time":0.2582241555},
{"learn":[3.330541133],"iteration":806,"passed_time":1.074011234,"remaining_time":0.2568577054},
{"learn":[3.329124989],"iteration":807,"passed_time":1.075570516,"remaining_time":0.2555811127},
{"learn":[3.32583918],"iteration":808,"passed_time":1.076632692,"remaining_time":0.2541864577},
{"learn":[3.325287299],"iteration":809,"passed_time":1.077731915,"remaining_time":0.2528013133},
{"learn":[3.322745162],"iteration":810,"passed_time":1.078994072,"remaining_time":0.2514548454},
{"learn":[3.319733662],"iteration":811,"passed_time":1.080201134,"remaining_time":0.250095829},
{"learn":[3.318080007],"iteration":812,"passed_time":1.081429287,"remaining_time":0.2487420378},
{"learn":[3.317179538],"iteration":813,"passed_time":1.082631426,"remaining_time":0.2473826109},
{"learn":[3.315685949],"iteration":814,"passed_time":1.083813255,"remaining_time":0.2460189598},
{"learn":[3.314944576],"iteration":815,"passed_time":1.084994463,"remaining_time":0.2446556142},
{"learn":[3.312369052],"iteration":816,"passed_time":1.086216642,"remaining_time":0.2433018916},
{"learn":[3.312321621],"iteration":817,"passed_time":1.087177475,"remaining_time":0.2418903429},
{"learn":[3.309465776],"iteration":818,"passed_time":1.088588069,"remaining_time":0.2405792924},
{"learn":[3.308307377],"iteration":819,"passed_time":1.089807812,"remaining_time":0.239226105},
{"learn":[3.308076804],"iteration":820,"passed_time":1.091025404,"remaining_time":0.2378727738},
{"learn":[3.305643326],"iteration":821,"passed_time":1.092279151,"remaining_time":0.236527602},
{"learn":[3.304154814],"iteration":822,"passed_time":1.093569917,"remaining_time":0.235190614},
{"learn":[3.303076321],"iteration":823,"passed_time":1.094788687,"remaining_time":0.2338383604},
{"learn":[3.301746372],"iteration":824,"passed_time":1.096124694,"remaining_time":0.2325112988},
{"learn":[3.301345455],"iteration":825,"passed_time":1.097317029,"remaining_time":0.2311539505},
{"learn":[3.299181039],"iteration":826,"passed_time":1.098487761,"remaining_time":0.2297924821},
{"learn":[3.297989357],"iteration":827,"passed_time":1.099672638,"remaining_time":0.2284344127},
{"learn":[3.294775182],"iteration":828,"passed_time":1.100898646,"remaining_time":0.2270852454},
{"learn":[3.293840636],"iteration":829,"passed_time":1.102091282,"remaining_time":0.2257295396},
{"learn":[3.289279397],"iteration":830,"passed_time":1.103290404,"remaining_time":0.2243755454},
{"learn":[3.286204979],"iteration":831,"passed_time":1.104613817,"remaining_time":0.2230470207},
{"learn":[3.284833593],"iteration":832,"passed_time":1.105911051,"remaining_time":0.22171326},
{"learn":[3.283519914],"iteration":833,"passed_time":1.107163244,"remaining_time":0.2203706217},
{"learn":[3.282853026],"iteration":834,"passed_time":1.108206,"remaining_time":0.2189868143},
{"learn":[3.281944673],"iteration":835,"passed_time":1.109231984,"remaining_time":0.2176005327},
{"learn":[3.279764865],"iteration":836,"passed_time":1.110254439,"remaining_time":0.2162144248},
{"learn":[3.277468839],"iteration":837,"passed_time":1.111274078,"remaining_time":0.2148286403},
{"learn":[3.277124974],"iteration":838,"passed_time":1.112253577,"remaining_time":0.2134360261},
{"learn":[3.275636037],"iteration":839,"passed_time":1.113316357,"remaining_time":0.2120602585},
{"learn":[3.274413635],"iteration":840,"passed_time":1.114484994,"remaining_time":0.2107052485},
{"learn":[3.272636087],"iteration":841,"passed_time":1.115815159,"remaining_time":0.2093809918},
{"learn":[3.269644466],"iteration":842,"passed_time":1.117110188,"remaining_time":0.2080501774},
{"learn":[3.26852083],"iteration":843,"passed_time":1.11835799,"remaining_time":0.2067107185},
{"learn":[3.267820927],"iteration":844,"passed_time":1.119594214,"remaining_time":0.2053693528},
{"learn":[3.267331099],"iteration":845,"passed_time":1.121022627,"remaining_time":0.2040632205},
{"learn":[3.267231014],"iteration":846,"passed_time":1.122218145,"remaining_time":0.2027147298},
{"learn":[3.267158695],"iteration":847,"passed_time":1.123421567,"remaining_time":0.2013680168},
{"learn":[3.264718705],"iteration":848,"passed_time":1.124455692,"remaining_time":0.1999915305},
{"learn":[3.261678512],"iteration":849,"passed_time":1.125551902,"remaining_time":0.1986268062},
{"learn":[3.261368381],"iteration":850,"passed_time":1.126565485,"remaining_time":0.197248246},
{"learn":[3.260128799],"iteration":851,"passed_time":1.127646923,"remaining_time":0.1958823294},
{"learn":[3.258972952],"iteration":852,"passed_time":1.128643545,"remaining_time":0.1945024632},
{"learn":[3.258724846],"iteration":853,"passed_time":1.129698055,"remaining_time":0.1931333911},
{"learn":[3.25686724],"iteration":854,"passed_time":1.130759025,"remaining_time":0.1917661505},
{"learn":[3.255750259],"iteration":855,"passed_time":1.131894505,"remaining_time":0.1904121598},
{"learn":[3.254915866],"iteration":856,"passed_time":1.133206128,"remaining_time":0.1890880703},
{"learn":[3.254348625],"iteration":857,"passed_time":1.134271138,"remaining_time":0.1877231954},
{"learn":[3.253408514],"iteration":858,"passed_time":1.135352559,"remaining_time":0.1863617123},
{"learn":[3.253291714],"iteration":859,"passed_time":1.136438348,"remaining_time":0.1850015915},
{"learn":[3.250186342],"iteration":860,"passed_time":1.137642272,"remaining_time":0.1836611798},
{"learn":[3.249141318],"iteration":861,"passed_time":1.138835188,"remaining_time":0.1823193225},
{"learn":[3.246300388],"iteration":862,"passed_time":1.140222425,"remaining_time":0.1810086584},
{"learn":[3.245205135],"iteration":863,"passed_time":1.141428063,"remaining_time":0.1796692321},
{"learn":[3.244403535],"iteration":864,"passed_time":1.142627315,"remaining_time":0.1783291185},
{"learn":[3.244211781],"iteration":865,"passed_time":1.143786638,"remaining_time":0.1769831519},
{"learn":[3.242286347],"iteration":866,"passed_time":1.144965991,"remaining_time":0.1756406884},
{"learn":[3.239606746],"iteration":867,"passed_time":1.146183569,"remaining_time":0.1743044136},
{"learn":[3.236773361],"iteration":868,"passed_time":1.147379322,"remaining_time":0.1729651222},
{"learn":[3.234552446],"iteration":869,"passed_time":1.148549372,"remaining_time":0.17162232},
{"learn":[3.233724647],"iteration":870,"passed_time":1.149886595,"remaining_time":0.1703046736},
{"learn":[3.230851485],"iteration":871,"passed_time":1.150972532,"remaining_time":0.1689500965},
{"learn":[3.227728941],"iteration":872,"passed_time":1.151971449,"remaining_time":0.1675834755},
{"learn":[3.225787575],"iteration":873,"passed_time":1.153017839,"remaining_time":0.1662245397},
{"learn":[3.222797487],"iteration":874,"passed_time":1.154300748,"remaining_time":0.1649001068},
{"learn":[3.22137014],"iteration":875,"passed_time":1.155581371,"remaining_time":0.1635754452},
{"learn":[3.219701963],"iteration":876,"passed_time":1.156839559,"remaining_time":0.1622477374},
{"learn":[3.21783327],"iteration":877,"passed_time":1.158164057,"remaining_time":0.160929402},
{"learn":[3.217713355],"iteration":878,"passed_time":1.159402225,"remaining_time":0.1595991686},
{"learn":[3.217666091],"iteration":879,"passed_time":1.160535685,"remaining_time":0.1582548661},
{"learn":[3.214962005],"iteration":880,"passed_time":1.16172821,"remaining_time":0.1569190205},
{"learn":[3.214081828],"iteration":881,"passed_time":1.162904315,"remaining_time":0.1555813029},
{"learn":[3.213358337],"iteration":882,"passed_time":1.164079628,"remaining_time":0.1542438465},
{"learn":[3.210850401],"iteration":883,"passed_time":1.165301657,"remaining_time":0.1529128871},
{"learn":[3.207810328],"iteration":884,"passed_time":1.16648921,"remaining_time":0.1515776939},
{"learn":[3.204935073],"iteration":885,"passed_time":1.167751177,"remaining_time":0.1502524088},
{"learn":[3.20280198],"iteration":886,"passed_time":1.168979791,"remaining_time":0.1489230174},
{"learn":[3.200663495],"iteration":887,"passed_time":1.170196577,"remaining_time":0.147592361},
{"learn":[3.197301669],"iteration":888,"passed_time":1.171387198,"remaining_time":0.146258694},
{"learn":[3.195666943],"iteration":889,"passed_time":1.172616324,"remaining_time":0.1449301074},
{"learn":[3.193886506],"iteration":890,"passed_time":1.173895426,"remaining_time":0.143607858},
{"learn":[3.190601248],"iteration":891,"passed_time":1.175199768,"remaining_time":0.1422887611},
{"learn":[3.188983797],"iteration":892,"passed_time":1.17643963,"remaining_time":0.1409619714},
{"learn":[3.187365749],"iteration":893,"passed_time":1.177668265,"remaining_time":0.1396340448},
{"learn":[3.186160771],"iteration":894,"passed_time":1.178713747,"remaining_time":0.138284853},
{"learn":[3.185358981],"iteration":895,"passed_time":1.17987689,"remaining_time":0.1369499962},
{"learn":[3.183832164],"iteration":896,"passed_time":1.180926142,"remaining_time":0.1356024444},
{"learn":[3.183106966],"iteration":897,"passed_time":1.18200248,"remaining_time":0.1342586336},
{"learn":[3.182838152],"iteration":898,"passed_time":1.183046048,"remaining_time":0.1329117362},
{"learn":[3.180835453],"iteration":899,"passed_time":1.184105084,"remaining_time":0.1315672315},
{"learn":[3.179957348],"iteration":900,"passed_time":1.185418565,"remaining_time":0.1302513184},
{"learn":[3.179752966],"iteration":901,"passed_time":1.1866516,"remaining_time":0.1289266705},
{"learn":[3.178851983],"iteration":902,"passed_time":1.187776749,"remaining_time":0.1275906364},
{"learn":[3.176748586],"iteration":903,"passed_time":1.188798503,"remaining_time":0.1262440888},
{"learn":[3.172960988],"iteration":904,"passed_time":1.189839284,"remaining_time":0.1249002563},
{"learn":[3.172794225],"iteration":905,"passed_time":1.190884074,"remaining_time":0.1235575088},
{"learn":[3.169996507],"iteration":906,"passed_time":1.191997037,"remaining_time":0.1222224084},
{"learn":[3.16813015],"iteration":907,"passed_time":1.193041998,"remaining_time":0.1208809072},
{"learn":[3.166920871],"iteration":908,"passed_time":1.194207067,"remaining_time":0.1195520827},
{"learn":[3.16531606],"iteration":909,"passed_time":1.195355243,"remaining_time":0.1182219472},
{"learn":[3.162035247],"iteration":910,"passed_time":1.196549453,"remaining_time":0.1168967083},
{"learn":[3.16189467],"iteration":911,"passed_time":1.197657901,"remaining_time":0.1155634816},
{"learn":[3.161008416],"iteration":912,"passed_time":1.198750409,"remaining_time":0.1142292285},
{"learn":[3.160560787],"iteration":913,"passed_time":1.199739893,"remaining_time":0.1128858105},
{"learn":[3.160416261],"iteration":914,"passed_time":1.200737848,"remaining_time":0.1115439531},
{"learn":[3.15844291],"iteration":915,"passed_time":1.201749086,"remaining_time":0.1102040646},
{"learn":[3.155040501],"iteration":916,"passed_time":1.202873348,"remaining_time":0.1088751231},
{"learn":[3.154937548],"iteration":917,"passed_time":1.20405938,"remaining_time":0.1075521451},
{"learn":[3.153721161],"iteration":918,"passed_time":1.205294972,"remaining_time":0.1062338332},
{"learn":[3.153170511],"iteration":919,"passed_time":1.206564748,"remaining_time":0.1049186738},
{"learn":[3.153113601],"iteration":920,"passed_time":1.207788137,"remaining_time":0.1035996339},
{"learn":[3.150607379],"iteration":921,"passed_time":1.209008592,"remaining_time":0.1022805533},
{"learn":[3.148408359],"iteration":922,"passed_time":1.209940746,"remaining_time":0.1009376353},
{"learn":[3.147495728],"iteration":923,"passed_time":1.211021465,"remaining_time":0.09960782614},
{"learn":[3.146946235],"iteration":924,"passed_time":1.212232181,"remaining_time":0.09828909575},
{"learn":[3.14472738],"iteration":925,"passed_time":1.213468174,"remaining_time":0.09697261864},
{"learn":[3.144469477],"iteration":926,"passed_time":1.214641351,"remaining_time":0.09565136856},
{"learn":[3.142975516],"iteration":927,"passed_time":1.215834549,"remaining_time":0.09433199084},
{"learn":[3.14079113],"iteration":928,"passed_time":1.2170496,"remaining_time":0.09301455499},
{"learn":[3.138173032],"iteration":929,"passed_time":1.218265714,"remaining_time":0.0916974193},
{"learn":[3.136352813],"iteration":930,"passed_time":1.219461908,"remaining_time":0.09037902434},
{"learn":[3.133735004],"iteration":931,"passed_time":1.220687726,"remaining_time":0.08906305296},
{"learn":[3.1319496],"iteration":932,"passed_time":1.221987757,"remaining_time":0.08775260419},
{"learn":[3.129865343],"iteration":933,"passed_time":1.223230677,"remaining_time":0.08643814205},
{"learn":[3.129830206],"iteration":934,"passed_time":1.224160584,"remaining_time":0.08510207267},
{"learn":[3.126676562],"iteration":935,"passed_time":1.225386051,"remaining_time":0.08378708038},
{"learn":[3.12645665],"iteration":936,"passed_time":1.226594365,"remaining_time":0.08247112594},
{"learn":[3.126378007],"iteration":937,"passed_time":1.227774229,"remaining_time":0.08115352049},
{"learn":[3.124621914],"iteration":938,"passed_time":1.229026933,"remaining_time":0.07984094028},
{"learn":[3.123379018],"iteration":939,"passed_time":1.230477676,"remaining_time":0.07854112829},
{"learn":[3.123332451],"iteration":940,"passed_time":1.231666042,"remaining_time":0.07722454459},
{"learn":[3.122432444],"iteration":941,"passed_time":1.232885373,"remaining_time":0.07591013977},
{"learn":[3.121889006],"iteration":942,"passed_time":1.234149426,"remaining_time":0.07459863974},
{"learn":[3.121070914],"iteration":943,"passed_time":1.235388326,"remaining_time":0.07328574815},
{"learn":[3.118444705],"iteration":944,"passed_time":1.236635466,"remaining_time":0.07197349275},
{"learn":[3.116820458],"iteration":945,"passed_time":1.237899067,"remaining_time":0.07066231463},
{"learn":[3.114971041],"iteration":946,"passed_time":1.239155972,"remaining_time":0.06935086221},
{"learn":[3.114685138],"iteration":947,"passed_time":1.240394752,"remaining_time":0.06803853068},
{"learn":[3.113399363],"iteration":948,"passed_time":1.241651375,"remaining_time":0.0667273131},
{"learn":[3.110575399],"iteration":949,"passed_time":1.242876571,"remaining_time":0.06541455639},
{"learn":[3.110466553],"iteration":950,"passed_time":1.244044667,"remaining_time":0.06409904171},
{"learn":[3.108691641],"iteration":951,"passed_time":1.245257903,"remaining_time":0.06278611277},
{"learn":[3.107898017],"iteration":952,"passed_time":1.246502798,"remaining_time":0.06147495438},
{"learn":[3.105551729],"iteration":953,"passed_time":1.247735864,"remaining_time":0.06016336451},
{"learn":[3.104824945],"iteration":954,"passed_time":1.249079526,"remaining_time":0.05885715042},
{"learn":[3.103186704],"iteration":955,"passed_time":1.250347437,"remaining_time":0.0575473716},
{"learn":[3.102330655],"iteration":956,"passed_time":1.251580122,"remaining_time":0.05623609744},
{"learn":[3.102291298],"iteration":957,"passed_time":1.252723887,"remaining_time":0.054921089},
{"learn":[3.100363529],"iteration":958,"passed_time":1.253912934,"remaining_time":0.05360837362},
{"learn":[3.097871596],"iteration":959,"passed_time":1.255116587,"remaining_time":0.05229652446},
{"learn":[3.097372213],"iteration":960,"passed_time":1.2563739,"remaining_time":0.05098707814},
{"learn":[3.095981813],"iteration":961,"passed_time":1.257587136,"remaining_time":0.04967599915},
{"learn":[3.095347452],"iteration":962,"passed_time":1.258777507,"remaining_time":0.0483642448},
{"learn":[3.094728409],"iteration":963,"passed_time":1.259966914,"remaining_time":0.04705270635},
{"learn":[3.094118537],"iteration":964,"passed_time":1.261155119,"remaining_time":0.04574137738},
{"learn":[3.093793695],"iteration":965,"passed_time":1.26229303,"remaining_time":0.04442853314},
{"learn":[3.092581602],"iteration":966,"passed_time":1.263469887,"remaining_time":0.04311737979},
{"learn":[3.091694202],"iteration":967,"passed_time":1.264658503,"remaining_time":0.04180689265},
{"learn":[3.090298312],"iteration":968,"passed_time":1.265900761,"remaining_time":0.04049837316},
{"learn":[3.090020107],"iteration":969,"passed_time":1.267128393,"remaining_time":0.03918953793},
{"learn":[3.088949869],"iteration":970,"passed_time":1.26835801,"remaining_time":0.03788092924},
{"learn":[3.086700204],"iteration":971,"passed_time":1.2695686,"remaining_time":0.03657193499},
{"learn":[3.086584317],"iteration":972,"passed_time":1.270720997,"remaining_time":0.03526152817},
{"learn":[3.084850742],"iteration":973,"passed_time":1.271742119,"remaining_time":0.03394794157},
{"learn":[3.084239948],"iteration":974,"passed_time":1.272761136,"remaining_time":0.03263490092},
{"learn":[3.082561673],"iteration":975,"passed_time":1.273809876,"remaining_time":0.03132319368},
{"learn":[3.07991814],"iteration":976,"passed_time":1.275080144,"remaining_time":0.03001723982},
{"learn":[3.079350277],"iteration":977,"passed_time":1.276334061,"remaining_time":0.02871099114},
{"learn":[3.077637462],"iteration":978,"passed_time":1.277541282,"remaining_time":0.02740384773},
{"learn":[3.076733301],"iteration":979,"passed_time":1.278751512,"remaining_time":0.02609696962},
{"learn":[3.07594065],"iteration":980,"passed_time":1.280019273,"remaining_time":0.02479140284},
{"learn":[3.072594655],"iteration":981,"passed_time":1.281241291,"remaining_time":0.02348507459},
{"learn":[3.071977674],"iteration":982,"passed_time":1.282490647,"remaining_time":0.02217939064},
{"learn":[3.069532634],"iteration":983,"passed_time":1.2838561,"remaining_time":0.02087570894},
{"learn":[3.068870784],"iteration":984,"passed_time":1.285140818,"remaining_time":0.01957067236},
{"learn":[3.068801463],"iteration":985,"passed_time":1.286058404,"remaining_time":0.01826046416},
{"learn":[3.067433249],"iteration":986,"passed_time":1.286978868,"remaining_time":0.01695108945},
{"learn":[3.065611456],"iteration":987,"passed_time":1.288224064,"remaining_time":0.01564644612},
{"learn":[3.063039162],"iteration":988,"passed_time":1.289455686,"remaining_time":0.01434177203},
{"learn":[3.06177873],"iteration":989,"passed_time":1.290761356,"remaining_time":0.01303799349},
{"learn":[3.061689148],"iteration":990,"passed_time":1.291786909,"remaining_time":0.01173166719},
{"learn":[3.058984039],"iteration":991,"passed_time":1.293248098,"remaining_time":0.01042942015},
{"learn":[3.057492984],"iteration":992,"passed_time":1.29461733,"remaining_time":0.009126204744},
{"learn":[3.057290731],"iteration":993,"passed_time":1.295924779,"remaining_time":0.007822483578},
{"learn":[3.056068348],"iteration":994,"passed_time":1.297203768,"remaining_time":0.0065186119},
{"learn":[3.054987307],"iteration":995,"passed_time":1.298257892,"remaining_time":0.005213887116},
{"learn":[3.054200234],"iteration":996,"passed_time":1.299547668,"remaining_time":0.003910374125},
{"learn":[3.052732869],"iteration":997,"passed_time":1.300642677,"remaining_time":0.002606498351},
{"learn":[3.051787862],"iteration":998,"passed_time":1.301767465,"remaining_time":0.001303070536},
{"learn":[3.051366222],"iteration":999,"passed_time":1.302915115,"remaining_time":0}
]}