{
"meta":{"test_sets":[],"test_metrics":[],"learn_metrics":[{"best_value":"Min","name":"RMSE"}],"launch_mode":"Train","parameters":"","iteration_count":1000,"learn_sets":["learn"],"name":"experiment"},
"iterations":[
{"learn":[14.59871775],"iteration":0,"passed_time":0.00159223394,"remaining_time":1.590641706},
{"learn":[14.22518863],"iteration":1,"passed_time":0.003024494185,"remaining_time":1.509222598},
{"learn":[13.8866124],"iteration":2,"passed_time":0.004458685708,"remaining_time":1.481769884},
{"learn":[13.52356875],"iteration":3,"passed_time":0.005881078424,"remaining_time":1.464388528},
{"learn":[13.18870211],"iteration":4,"passed_time":0.007288715115,"remaining_time":1.450454308},
{"learn":[12.9124226],"iteration":5,"passed_time":0.008862808202,"remaining_time":1.468271892},
{"learn":[12.60003351],"iteration":6,"passed_time":0.01025295218,"remaining_time":1.454454503},
{"learn":[12.32990573],"iteration":7,"passed_time":0.01180756396,"remaining_time":1.464137931},
{"learn":[12.0660619],"iteration":8,"passed_time":0.01317811072,"remaining_time":1.451056414},
{"learn":[11.77309809],"iteration":9,"passed_time":0.01439181393,"remaining_time":1.424789579},
{"learn":[11.49227636],"iteration":10,"passed_time":0.01570780687,"remaining_time":1.412274636},
{"learn":[11.26264833],"iteration":11,"passed_time":0.01694584951,"remaining_time":1.395208276},
{"learn":[11.04260393],"iteration":12,"passed_time":0.01827650199,"remaining_time":1.387608267},
{"learn":[10.79916926],"iteration":13,"passed_time":0.01954238259,"remaining_time":1.376342088},
{"learn":[10.5541002],"iteration":14,"passed_time":0.02078919664,"remaining_time":1.365157246},
{"learn":[10.31918115],"iteration":15,"passed_time":0.02209620766,"remaining_time":1.358916771},
{"learn":[10.10004441],"iteration":16,"passed_time":0.02340411085,"remaining_time":1.353308292},
{"learn":[9.894556723],"iteration":17,"passed_time":0.02461599963,"remaining_time":1.342939535},
{"learn":[9.690174082],"iteration":18,"passed_time":0.02589359884,"remaining_time":1.336927393},
{"learn":[9.506034866],"iteration":19,"passed_time":0.02719529689,"remaining_time":1.332569547},
{"learn":[9.338524633],"iteration":20,"passed_time":0.02851110939,"remaining_time":1.329160766},
{"learn":[9.170203312],"iteration":21,"passed_time":0.02982854586,"remaining_time":1.326014448},
{"learn":[9.010299969],"iteration":22,"passed_time":0.03124298917,"remaining_time":1.327147844},
{"learn":[8.843866678],"iteration":23,"passed_time":0.0326573786,"remaining_time":1.32806673},
{"learn":[8.690548059],"iteration":24,"passed_time":0.03400114936,"remaining_time":1.326044825},
{"learn":[8.555307687],"iteration":25,"passed_time":0.03563105245,"remaining_time":1.334794042},
{"learn":[8.413851302],"iteration":26,"passed_time":0.03689774504,"remaining_time":1.329685404},
{"learn":[8.29256019],"iteration":27,"passed_time":0.03835387011,"remaining_time":1.331427205},
{"learn":[8.162193833],"iteration":28,"passed_time":0.03960589688,"remaining_time":1.326114685},
{"learn":[8.040736294],"iteration":29,"passed_time":0.040942617,"remaining_time":1.323811283},
{"learn":[7.921220278],"iteration":30,"passed_time":0.04250027997,"remaining_time":1.328476493},
{"learn":[7.809589039],"iteration":31,"passed_time":0.04359350936,"remaining_time":1.318703658},
{"learn":[7.699675801],"iteration":32,"passed_time":0.04486839162,"remaining_time":1.314779839},
{"learn":[7.60645267],"iteration":33,"passed_time":0.04607108764,"remaining_time":1.308960902},
{"learn":[7.498880302],"iteration":34,"passed_time":0.04733306872,"remaining_time":1.305040323},
{"learn":[7.401158744],"iteration":35,"passed_time":0.04858803267,"remaining_time":1.301079541},
{"learn":[7.306431077],"iteration":36,"passed_time":0.04986544141,"remaining_time":1.297849191},
{"learn":[7.223863468],"iteration":37,"passed_time":0.05117875782,"remaining_time":1.295630659},
{"learn":[7.143477682],"iteration":38,"passed_time":0.05239776398,"remaining_time":1.291134646},
{"learn":[7.062817131],"iteration":39,"passed_time":0.05365146484,"remaining_time":1.287635156},
{"learn":[6.990793435],"iteration":40,"passed_time":0.05501806196,"remaining_time":1.286885888},
{"learn":[6.931862224],"iteration":41,"passed_time":0.05638090241,"remaining_time":1.286021536},
{"learn":[6.858296558],"iteration":42,"passed_time":0.05768018455,"remaining_time":1.283719456},
{"learn":[6.786268161],"iteration":43,"passed_time":0.05899976626,"remaining_time":1.281904012},
{"learn":[6.717118549],"iteration":44,"passed_time":0.0604293766,"remaining_time":1.282445659},
{"learn":[6.652948106],"iteration":45,"passed_time":0.06169952762,"remaining_time":1.279594551},
{"learn":[6.589686076],"iteration":46,"passed_time":0.06296881654,"remaining_time":1.276793238},
{"learn":[6.531283097],"iteration":47,"passed_time":0.06454784167,"remaining_time":1.28019886},
{"learn":[6.471368031],"iteration":48,"passed_time":0.06576765981,"remaining_time":1.276429479},
{"learn":[6.416481395],"iteration":49,"passed_time":0.06703170593,"remaining_time":1.273602413},
{"learn":[6.369870822],"iteration":50,"passed_time":0.06828293075,"remaining_time":1.270598064},
{"learn":[6.325678067],"iteration":51,"passed_time":0.06953708271,"remaining_time":1.267714508},
{"learn":[6.275766122],"iteration":52,"passed_time":0.07077975665,"remaining_time":1.26468735},
{"learn":[6.224773967],"iteration":53,"passed_time":0.07210440072,"remaining_time":1.263162279},
{"learn":[6.182249254],"iteration":54,"passed_time":0.07336272286,"remaining_time":1.260504966},
{"learn":[6.139904173],"iteration":55,"passed_time":0.07460267014,"remaining_time":1.257587868},
{"learn":[6.100525536],"iteration":56,"passed_time":0.07582797167,"remaining_time":1.254487321},
{"learn":[6.062568564],"iteration":57,"passed_time":0.07707025466,"remaining_time":1.251727239},
{"learn":[6.030559288],"iteration":58,"passed_time":0.07837486638,"remaining_time":1.250012699},
{"learn":[5.997931376],"iteration":59,"passed_time":0.07946726342,"remaining_time":1.244987127},
{"learn":[5.964103835],"iteration":60,"passed_time":0.08050549823,"remaining_time":1.239256768},
{"learn":[5.933729724],"iteration":61,"passed_time":0.08174036311,"remaining_time":1.23665259},
{"learn":[5.901932711],"iteration":62,"passed_time":0.08306350695,"remaining_time":1.235404857},
{"learn":[5.873727795],"iteration":63,"passed_time":0.08431776918,"remaining_time":1.233147374},
{"learn":[5.846485734],"iteration":64,"passed_time":0.0856842955,"remaining_time":1.232535635},
{"learn":[5.820630862],"iteration":65,"passed_time":0.08695158955,"remaining_time":1.230496737},
{"learn":[5.793646238],"iteration":66,"passed_time":0.08818515124,"remaining_time":1.228011136},
{"learn":[5.765388646],"iteration":67,"passed_time":0.08990460297,"remaining_time":1.232221911},
{"learn":[5.747073912],"iteration":68,"passed_time":0.09113233042,"remaining_time":1.229626081},
{"learn":[5.722315217],"iteration":69,"passed_time":0.09239388044,"remaining_time":1.227518697},
{"learn":[5.699970599],"iteration":70,"passed_time":0.09365658328,"remaining_time":1.225450224},
{"learn":[5.682732647],"iteration":71,"passed_time":0.09487908798,"remaining_time":1.222886023},
{"learn":[5.663525791],"iteration":72,"passed_time":0.0961215915,"remaining_time":1.220612539},
{"learn":[5.642381613],"iteration":73,"passed_time":0.09731679956,"remaining_time":1.217775086},
{"learn":[5.621404779],"iteration":74,"passed_time":0.09862690469,"remaining_time":1.216398491},
{"learn":[5.602460129],"iteration":75,"passed_time":0.09988359285,"remaining_time":1.214374208},
{"learn":[5.587337574],"iteration":76,"passed_time":0.1011176558,"remaining_time":1.212098653},
{"learn":[5.572393026],"iteration":77,"passed_time":0.1022857674,"remaining_time":1.209070224},
{"learn":[5.558425806],"iteration":78,"passed_time":0.1035300452,"remaining_time":1.206976856},
{"learn":[5.541518902],"iteration":79,"passed_time":0.1049108301,"remaining_time":1.206474546},
{"learn":[5.526157283],"iteration":80,"passed_time":0.106120714,"remaining_time":1.204011557},
{"learn":[5.511746977],"iteration":81,"passed_time":0.1073672539,"remaining_time":1.201989501},
{"learn":[5.504975022],"iteration":82,"passed_time":0.1079987056,"remaining_time":1.193190518},
{"learn":[5.493980522],"iteration":83,"passed_time":0.1095794947,"remaining_time":1.194938299},
{"learn":[5.480745463],"iteration":84,"passed_time":0.1108304288,"remaining_time":1.193056969},
{"learn":[5.464052013],"iteration":85,"passed_time":0.1122004975,"remaining_time":1.19245645},
{"learn":[5.449143727],"iteration":86,"passed_time":0.113437658,"remaining_time":1.190443469},
{"learn":[5.438255432],"iteration":87,"passed_time":0.1146977808,"remaining_time":1.188686092},
{"learn":[5.425927931],"iteration":88,"passed_time":0.1158978607,"remaining_time":1.186325294},
{"learn":[5.412331217],"iteration":89,"passed_time":0.1171407552,"remaining_time":1.184423192},
{"learn":[5.400691499],"iteration":90,"passed_time":0.1184712639,"remaining_time":1.183410757},
{"learn":[5.391618744],"iteration":91,"passed_time":0.1197102489,"remaining_time":1.181488108},
{"learn":[5.380766572],"iteration":92,"passed_time":0.1208051053,"remaining_time":1.178174522},
{"learn":[5.372207183],"iteration":93,"passed_time":0.1219484167,"remaining_time":1.175375165},
{"learn":[5.362918837],"iteration":94,"passed_time":0.1228423893,"remaining_time":1.170235393},
{"learn":[5.348292324],"iteration":95,"passed_time":0.1238139751,"remaining_time":1.165914932},
{"learn":[5.339772295],"iteration":96,"passed_time":0.1250321994,"remaining_time":1.163959547},
{"learn":[5.331515983],"iteration":97,"passed_time":0.1262683637,"remaining_time":1.162184327},
{"learn":[5.323861644],"iteration":98,"passed_time":0.1274800921,"remaining_time":1.160197606},
{"learn":[5.313277281],"iteration":99,"passed_time":0.1287078095,"remaining_time":1.158370285},
{"learn":[5.30685627],"iteration":100,"passed_time":0.1299878484,"remaining_time":1.157020552},
{"learn":[5.29652059],"iteration":101,"passed_time":0.1314046271,"remaining_time":1.156876031},
{"learn":[5.288350766],"iteration":102,"passed_time":0.1327102848,"remaining_time":1.155739082},
{"learn":[5.27993346],"iteration":103,"passed_time":0.1340299668,"remaining_time":1.154719714},
{"learn":[5.271789139],"iteration":104,"passed_time":0.1353924933,"remaining_time":1.154059824},
{"learn":[5.262684686],"iteration":105,"passed_time":0.1366935899,"remaining_time":1.152868579},
{"learn":[5.251619772],"iteration":106,"passed_time":0.1381242227,"remaining_time":1.152756364},
{"learn":[5.241012171],"iteration":107,"passed_time":0.1395416734,"remaining_time":1.152510858},
{"learn":[5.232684032],"iteration":108,"passed_time":0.1409919044,"remaining_time":1.152511806},
{"learn":[5.224267141],"iteration":109,"passed_time":0.1419556473,"remaining_time":1.148550237},
{"learn":[5.216324968],"iteration":110,"passed_time":0.1428973665,"remaining_time":1.144466296},
{"learn":[5.211102527],"iteration":111,"passed_time":0.144092745,"remaining_time":1.142449621},
{"learn":[5.206364257],"iteration":112,"passed_time":0.1456590691,"remaining_time":1.143359241},
{"learn":[5.196937641],"iteration":113,"passed_time":0.1466634913,"remaining_time":1.139858363},
{"learn":[5.190746047],"iteration":114,"passed_time":0.1477033802,"remaining_time":1.136673839},
{"learn":[5.181885213],"iteration":115,"passed_time":0.1501741722,"remaining_time":1.144430761},
{"learn":[5.178293568],"iteration":116,"passed_time":0.1512217097,"remaining_time":1.141271536},
{"learn":[5.170991438],"iteration":117,"passed_time":0.1526978036,"remaining_time":1.141351379},
{"learn":[5.166257212],"iteration":118,"passed_time":0.1539051914,"remaining_time":1.139415744},
{"learn":[5.161421246],"iteration":119,"passed_time":0.1552457981,"remaining_time":1.138469186},
{"learn":[5.158223542],"iteration":120,"passed_time":0.1565483649,"remaining_time":1.137239775},
{"learn":[5.15470988],"iteration":121,"passed_time":0.157520498,"remaining_time":1.133631125},
{"learn":[5.146388143],"iteration":122,"passed_time":0.1588325814,"remaining_time":1.132489219},
{"learn":[5.139529364],"iteration":123,"passed_time":0.1601434117,"remaining_time":1.131335715},
{"learn":[5.134276023],"iteration":124,"passed_time":0.1613993781,"remaining_time":1.129795647},
{"learn":[5.128536065],"iteration":125,"passed_time":0.1627451976,"remaining_time":1.128883355},
{"learn":[5.123300353],"iteration":126,"passed_time":0.1637422585,"remaining_time":1.125566863},
{"learn":[5.116200518],"iteration":127,"passed_time":0.1650282645,"remaining_time":1.124255052},
{"learn":[5.108728704],"iteration":128,"passed_time":0.1663805664,"remaining_time":1.123391266},
{"learn":[5.104075866],"iteration":129,"passed_time":0.1673727788,"remaining_time":1.120110135},
{"learn":[5.100317606],"iteration":130,"passed_time":0.1687085999,"remaining_time":1.119143307},
{"learn":[5.095814182],"iteration":131,"passed_time":0.170106603,"remaining_time":1.118579784},
{"learn":[5.092146915],"iteration":132,"passed_time":0.1713837248,"remaining_time":1.11721571},
{"learn":[5.085258329],"iteration":133,"passed_time":0.1729815624,"remaining_time":1.11792562},
{"learn":[5.079219421],"iteration":134,"passed_time":0.174163037,"remaining_time":1.115933533},
{"learn":[5.076476829],"iteration":135,"passed_time":0.1753283818,"remaining_time":1.113850896},
{"learn":[5.072133867],"iteration":136,"passed_time":0.1769010314,"remaining_time":1.114347373},
{"learn":[5.067031564],"iteration":137,"passed_time":0.178170621,"remaining_time":1.112920836},
{"learn":[5.061358312],"iteration":138,"passed_time":0.1794059671,"remaining_time":1.111284444},
{"learn":[5.056759124],"iteration":139,"passed_time":0.1806639484,"remaining_time":1.109792826},
{"learn":[5.050254],"iteration":140,"passed_time":0.1820037933,"remaining_time":1.108803251},
{"learn":[5.048376474],"iteration":141,"passed_time":0.182883471,"remaining_time":1.105028297},
{"learn":[5.042603751],"iteration":142,"passed_time":0.1841658719,"remaining_time":1.103707358},
{"learn":[5.037477349],"iteration":143,"passed_time":0.1854651203,"remaining_time":1.102487104},
{"learn":[5.03230489],"iteration":144,"passed_time":0.1867044159,"remaining_time":1.100912246},
{"learn":[5.025976187],"iteration":145,"passed_time":0.1879259282,"remaining_time":1.099237964},
{"learn":[5.01952451],"iteration":146,"passed_time":0.1891671687,"remaining_time":1.097684319},
{"learn":[5.017569424],"iteration":147,"passed_time":0.1903901044,"remaining_time":1.09602952},
{"learn":[5.008962367],"iteration":148,"passed_time":0.1916137419,"remaining_time":1.094384526},
{"learn":[5.003880266],"iteration":149,"passed_time":0.1929482801,"remaining_time":1.093373587},
{"learn":[4.996387564],"iteration":150,"passed_time":0.1942734216,"remaining_time":1.09230553},
{"learn":[4.993361683],"iteration":151,"passed_time":0.1955109931,"remaining_time":1.090745541},
{"learn":[4.99005752],"iteration":152,"passed_time":0.1967312924,"remaining_time":1.089094148},
{"learn":[4.986908764],"iteration":153,"passed_time":0.1980359681,"remaining_time":1.087911876},
{"learn":[4.985207175],"iteration":154,"passed_time":0.1990028988,"remaining_time":1.084886771},
{"learn":[4.979003494],"iteration":155,"passed_time":0.2002343055,"remaining_time":1.083318935},
{"learn":[4.973142217],"iteration":156,"passed_time":0.2012083737,"remaining_time":1.080373624},
{"learn":[4.967056696],"iteration":157,"passed_time":0.2023849763,"remaining_time":1.078532595},
{"learn":[4.961460696],"iteration":158,"passed_time":0.2033598965,"remaining_time":1.075633163},
{"learn":[4.954240363],"iteration":159,"passed_time":0.2046596201,"remaining_time":1.074463005},
{"learn":[4.952320707],"iteration":160,"passed_time":0.2053657939,"remaining_time":1.070198143},
{"learn":[4.948337777],"iteration":161,"passed_time":0.2063101996,"remaining_time":1.067209551},
{"learn":[4.943228639],"iteration":162,"passed_time":0.2076434042,"remaining_time":1.066242511},
{"learn":[4.938545759],"iteration":163,"passed_time":0.2089286421,"remaining_time":1.065026493},
{"learn":[4.935330572],"iteration":164,"passed_time":0.210164329,"remaining_time":1.063558877},
{"learn":[4.932051543],"iteration":165,"passed_time":0.2113754358,"remaining_time":1.061970563},
{"learn":[4.928964153],"iteration":166,"passed_time":0.2126122154,"remaining_time":1.060514823},
{"learn":[4.922860227],"iteration":167,"passed_time":0.2138264198,"remaining_time":1.058949889},
{"learn":[4.917668772],"iteration":168,"passed_time":0.2150723818,"remaining_time":1.057545262},
{"learn":[4.910365386],"iteration":169,"passed_time":0.2162992876,"remaining_time":1.056049463},
{"learn":[4.906457206],"iteration":170,"passed_time":0.2172773555,"remaining_time":1.053350454},
{"learn":[4.901996508],"iteration":171,"passed_time":0.2185173028,"remaining_time":1.051932132},
{"learn":[4.896816173],"iteration":172,"passed_time":0.2197652897,"remaining_time":1.050554304},
{"learn":[4.891123132],"iteration":173,"passed_time":0.220813589,"remaining_time":1.048230026},
{"learn":[4.887630202],"iteration":174,"passed_time":0.2216949709,"remaining_time":1.045133434},
{"learn":[4.885259712],"iteration":175,"passed_time":0.2227941843,"remaining_time":1.043081863},
{"learn":[4.880659728],"iteration":176,"passed_time":0.2239960887,"remaining_time":1.041518537},
{"learn":[4.877299723],"iteration":177,"passed_time":0.225226202,"remaining_time":1.040089539},
{"learn":[4.874038772],"iteration":178,"passed_time":0.2264777977,"remaining_time":1.038761295},
{"learn":[4.86943698],"iteration":179,"passed_time":0.227700974,"remaining_time":1.037304437},
{"learn":[4.861268711],"iteration":180,"passed_time":0.2289586584,"remaining_time":1.036006305},
{"learn":[4.858673056],"iteration":181,"passed_time":0.2301604826,"remaining_time":1.034457553},
{"learn":[4.854036207],"iteration":182,"passed_time":0.2313774337,"remaining_time":1.032980127},
{"learn":[4.85130244],"iteration":183,"passed_time":0.2326431238,"remaining_time":1.03172168},
{"learn":[4.847510084],"iteration":184,"passed_time":0.2338509427,"remaining_time":1.030208207},
{"learn":[4.845691673],"iteration":185,"passed_time":0.2348728777,"remaining_time":1.027884529},
{"learn":[4.842058646],"iteration":186,"passed_time":0.2358560481,"remaining_time":1.025406241},
{"learn":[4.838623675],"iteration":187,"passed_time":0.2367834723,"remaining_time":1.022703083},
{"learn":[4.834602161],"iteration":188,"passed_time":0.2377986709,"remaining_time":1.020395355},
{"learn":[4.830858976],"iteration":189,"passed_time":0.2390372448,"remaining_time":1.019053517},
{"learn":[4.827590511],"iteration":190,"passed_time":0.2402178272,"remaining_time":1.017467132},
{"learn":[4.822246226],"iteration":191,"passed_time":0.2414762496,"remaining_time":1.01621255},
{"learn":[4.816686395],"iteration":192,"passed_time":0.2428026348,"remaining_time":1.015242105},
{"learn":[4.814797121],"iteration":193,"passed_time":0.2441082922,"remaining_time":1.014181874},
{"learn":[4.811639392],"iteration":194,"passed_time":0.2453864928,"remaining_time":1.013005778},
{"learn":[4.804813432],"iteration":195,"passed_time":0.246754733,"remaining_time":1.012197986},
{"learn":[4.80251613],"iteration":196,"passed_time":0.2479712932,"remaining_time":1.010766236},
{"learn":[4.800087884],"iteration":197,"passed_time":0.249099618,"remaining_time":1.008979261},
{"learn":[4.794773135],"iteration":198,"passed_time":0.2503176718,"remaining_time":1.007560076},
{"learn":[4.791664833],"iteration":199,"passed_time":0.2515065143,"remaining_time":1.006026057},
{"learn":[4.785989873],"iteration":200,"passed_time":0.2527442528,"remaining_time":1.004689841},
{"learn":[4.782387142],"iteration":201,"passed_time":0.253838785,"remaining_time":1.002788864},
{"learn":[4.778623704],"iteration":202,"passed_time":0.255067144,"remaining_time":1.00142125},
{"learn":[4.775772178],"iteration":203,"passed_time":0.2562420826,"remaining_time":0.9998465575},
{"learn":[4.77023101],"iteration":204,"passed_time":0.2574387141,"remaining_time":0.9983598913},
{"learn":[4.764496689],"iteration":205,"passed_time":0.2585888418,"remaining_time":0.996696798},
{"learn":[4.763138716],"iteration":206,"passed_time":0.2595222908,"remaining_time":0.9942085825},
{"learn":[4.758053283],"iteration":207,"passed_time":0.260587732,"remaining_time":0.9922379026},
{"learn":[4.755063788],"iteration":208,"passed_time":0.2618294035,"remaining_time":0.990942862},
{"learn":[4.752465267],"iteration":209,"passed_time":0.2631679716,"remaining_time":0.9900128454},
{"learn":[4.748067377],"iteration":210,"passed_time":0.2644254416,"remaining_time":0.9887757035},
{"learn":[4.744163298],"iteration":211,"passed_time":0.2656331502,"remaining_time":0.9873534073},
{"learn":[4.736670896],"iteration":212,"passed_time":0.2668386434,"remaining_time":0.9859249405},
{"learn":[4.73349255],"iteration":213,"passed_time":0.2680427131,"remaining_time":0.9844933292},
{"learn":[4.731864595],"iteration":214,"passed_time":0.2693164632,"remaining_time":0.9833182493},
{"learn":[4.728398311],"iteration":215,"passed_time":0.2706083908,"remaining_time":0.9822082333},
{"learn":[4.723865975],"iteration":216,"passed_time":0.2718277478,"remaining_time":0.9808346845},
{"learn":[4.723483365],"iteration":217,"passed_time":0.2729833592,"remaining_time":0.9792338848},
{"learn":[4.72095416],"iteration":218,"passed_time":0.2741684526,"remaining_time":0.9777422897},
{"learn":[4.716173382],"iteration":219,"passed_time":0.2753686027,"remaining_time":0.976306864},
{"learn":[4.710563974],"iteration":220,"passed_time":0.2766170607,"remaining_time":0.9750438476},
{"learn":[4.707160263],"iteration":221,"passed_time":0.2778366283,"remaining_time":0.9736797153},
{"learn":[4.70408351],"iteration":222,"passed_time":0.2790544616,"remaining_time":0.9723108369},
{"learn":[4.702501831],"iteration":223,"passed_time":0.2802951507,"remaining_time":0.9710224862},
{"learn":[4.700269738],"iteration":224,"passed_time":0.2815204221,"remaining_time":0.9696814539},
{"learn":[4.695346302],"iteration":225,"passed_time":0.282755277,"remaining_time":0.9683742671},
{"learn":[4.689769299],"iteration":226,"passed_time":0.2839887284,"remaining_time":0.9670629385},
{"learn":[4.687919514],"iteration":227,"passed_time":0.2852398492,"remaining_time":0.9658121209},
{"learn":[4.682982074],"iteration":228,"passed_time":0.2865252675,"remaining_time":0.964676774},
{"learn":[4.679578702],"iteration":229,"passed_time":0.2877717407,"remaining_time":0.9634097406},
{"learn":[4.675751423],"iteration":230,"passed_time":0.2889853737,"remaining_time":0.9620335602},
{"learn":[4.672710726],"iteration":231,"passed_time":0.2902507832,"remaining_time":0.9608301788},
{"learn":[4.6690533],"iteration":232,"passed_time":0.2915045843,"remaining_time":0.9595880522},
{"learn":[4.667595702],"iteration":233,"passed_time":0.2927547503,"remaining_time":0.9583339261},
{"learn":[4.664241291],"iteration":234,"passed_time":0.2939790895,"remaining_time":0.9569957593},
{"learn":[4.662246999],"iteration":235,"passed_time":0.2951680422,"remaining_time":0.9555440011},
{"learn":[4.658668443],"iteration":236,"passed_time":0.2965224853,"remaining_time":0.9546272417},
{"learn":[4.658017572],"iteration":237,"passed_time":0.2978575185,"remaining_time":0.95364466},
{"learn":[4.657656705],"iteration":238,"passed_time":0.2988511707,"remaining_time":0.9515721377},
{"learn":[4.653242871],"iteration":239,"passed_time":0.3001239281,"remaining_time":0.950392439},
{"learn":[4.6507302],"iteration":240,"passed_time":0.3012994481,"remaining_time":0.9489057307},
{"learn":[4.647671336],"iteration":241,"passed_time":0.3024949869,"remaining_time":0.9474842979},
{"learn":[4.645506007],"iteration":242,"passed_time":0.3036867165,"remaining_time":0.9460528576},
{"learn":[4.641297906],"iteration":243,"passed_time":0.305335636,"remaining_time":0.9460399215},
{"learn":[4.63798107],"iteration":244,"passed_time":0.3065645263,"remaining_time":0.9447192546},
{"learn":[4.635062318],"iteration":245,"passed_time":0.3077573185,"remaining_time":0.9432886916},
{"learn":[4.631606017],"iteration":246,"passed_time":0.3090117511,"remaining_time":0.94204797},
{"learn":[4.630215494],"iteration":247,"passed_time":0.3102182969,"remaining_time":0.9406619324},
{"learn":[4.62729814],"iteration":248,"passed_time":0.3114439693,"remaining_time":0.9393350238},
{"learn":[4.624691756],"iteration":249,"passed_time":0.3125203673,"remaining_time":0.9375611018},
{"learn":[4.621840053],"iteration":250,"passed_time":0.3138518242,"remaining_time":0.93655385},
{"learn":[4.619602091],"iteration":251,"passed_time":0.3150192645,"remaining_time":0.9350571819},
{"learn":[4.613584029],"iteration":252,"passed_time":0.3163259146,"remaining_time":0.9339741431},
{"learn":[4.6119388],"iteration":253,"passed_time":0.3175235285,"remaining_time":0.9325691035},
{"learn":[4.60870702],"iteration":254,"passed_time":0.3186967329,"remaining_time":0.9310943764},
{"learn":[4.604771557],"iteration":255,"passed_time":0.31989565,"remaining_time":0.9296967328},
{"learn":[4.604231277],"iteration":256,"passed_time":0.3212102599,"remaining_time":0.9286351093},
{"learn":[4.600750354],"iteration":257,"passed_time":0.3225853571,"remaining_time":0.9277454844},
{"learn":[4.596488253],"iteration":258,"passed_time":0.3238751664,"remaining_time":0.9266081017},
{"learn":[4.59470784],"iteration":259,"passed_time":0.3251316742,"remaining_time":0.9253747649},
{"learn":[4.588818005],"iteration":260,"passed_time":0.3264209412,"remaining_time":0.924234006},
{"learn":[4.585054174],"iteration":261,"passed_time":0.3277223686,"remaining_time":0.9231263665},
{"learn":[4.581471435],"iteration":262,"passed_time":0.3289603711,"remaining_time":0.9218395191},
{"learn":[4.577555199],"iteration":263,"passed_time":0.330197281,"remaining_time":0.9205499956},
{"learn":[4.57457145],"iteration":264,"passed_time":0.3313656135,"remaining_time":0.9190706637},
{"learn":[4.573029224],"iteration":265,"passed_time":0.3325892512,"remaining_time":0.9177462797},
{"learn":[4.571326203],"iteration":266,"passed_time":0.333853147,"remaining_time":0.9165331713},
{"learn":[4.571019224],"iteration":267,"passed_time":0.3350241159,"remaining_time":0.9150658687},
{"learn":[4.565766631],"iteration":268,"passed_time":0.3363674559,"remaining_time":0.9140691831},
{"learn":[4.563383471],"iteration":269,"passed_time":0.337312844,"remaining_time":0.9119939857},
{"learn":[4.558165805],"iteration":270,"passed_time":0.3382495309,"remaining_time":0.9099037196},
{"learn":[4.55629209],"iteration":271,"passed_time":0.3394445084,"remaining_time":0.908513243},
{"learn":[4.549383848],"iteration":272,"passed_time":0.3406259528,"remaining_time":0.9070881601},
{"learn":[4.546227503],"iteration":273,"passed_time":0.3417995882,"remaining_time":0.9056441644},
{"learn":[4.540620977],"iteration":274,"passed_time":0.3429848319,"remaining_time":0.9042327388},
{"learn":[4.532898237],"iteration":275,"passed_time":0.3441722911,"remaining_time":0.9028287636},
{"learn":[4.529757367],"iteration":276,"passed_time":0.3454162883,"remaining_time":0.901573922},
{"learn":[4.52579294],"iteration":277,"passed_time":0.3465983442,"remaining_time":0.9001582896},
{"learn":[4.521572155],"iteration":278,"passed_time":0.3478127792,"remaining_time":0.8988280064},
{"learn":[4.518818099],"iteration":279,"passed_time":0.3490105535,"remaining_time":0.897455709},
{"learn":[4.514012334],"iteration":280,"passed_time":0.3503361794,"remaining_time":0.8964117899},
{"learn":[4.508331416],"iteration":281,"passed_time":0.3515719264,"remaining_time":0.8951370324},
{"learn":[4.506038537],"iteration":282,"passed_time":0.3527385847,"remaining_time":0.8936875097},
{"learn":[4.505805643],"iteration":283,"passed_time":0.3539823112,"remaining_time":0.8924342776},
{"learn":[4.501550352],"iteration":284,"passed_time":0.3552272507,"remaining_time":0.8911841553},
{"learn":[4.494692643],"iteration":285,"passed_time":0.3564095272,"remaining_time":0.8897776308},
{"learn":[4.489330245],"iteration":286,"passed_time":0.3575944902,"remaining_time":0.8883793433},
{"learn":[4.484826955],"iteration":287,"passed_time":0.3588430886,"remaining_time":0.887139858},
{"learn":[4.478285428],"iteration":288,"passed_time":0.3601136406,"remaining_time":0.8859543201},
{"learn":[4.475311671],"iteration":289,"passed_time":0.3613792606,"remaining_time":0.8847561208},
{"learn":[4.471581298],"iteration":290,"passed_time":0.3626551193,"remaining_time":0.8835824041},
{"learn":[4.469164956],"iteration":291,"passed_time":0.3640111165,"remaining_time":0.8826022962},
{"learn":[4.462068024],"iteration":292,"passed_time":0.3653243728,"remaining_time":0.8815164899},
{"learn":[4.458540976],"iteration":293,"passed_time":0.366553253,"remaining_time":0.8802265192},
{"learn":[4.455757458],"iteration":294,"passed_time":0.3677912155,"remaining_time":0.8789586674},
{"learn":[4.453027414],"iteration":295,"passed_time":0.3690188126,"remaining_time":0.8776663651},
{"learn":[4.450659338],"iteration":296,"passed_time":0.3701941521,"remaining_time":0.8762508045},
{"learn":[4.444696901],"iteration":297,"passed_time":0.3713923976,"remaining_time":0.8748908158},
{"learn":[4.442052813],"iteration":298,"passed_time":0.3726093989,"remaining_time":0.8735758816},
{"learn":[4.440036756],"iteration":299,"passed_time":0.3737704636,"remaining_time":0.8721310816},
{"learn":[4.435017051],"iteration":300,"passed_time":0.3749692503,"remaining_time":0.8707757674},
{"learn":[4.429962125],"iteration":301,"passed_time":0.3759879074,"remaining_time":0.8690051634},
{"learn":[4.427666256],"iteration":302,"passed_time":0.3770121981,"remaining_time":0.8672524822},
{"learn":[4.425030004],"iteration":303,"passed_time":0.3780998235,"remaining_time":0.865649596},
{"learn":[4.422588771],"iteration":304,"passed_time":0.3790656014,"remaining_time":0.863772436},
{"learn":[4.418936667],"iteration":305,"passed_time":0.3800246329,"remaining_time":0.8618859321},
{"learn":[4.416887976],"iteration":306,"passed_time":0.3810130962,"remaining_time":0.8600719076},
{"learn":[4.413773354],"iteration":307,"passed_time":0.3822243634,"remaining_time":0.8587638295},
{"learn":[4.411129391],"iteration":308,"passed_time":0.3835450575,"remaining_time":0.8577010834},
{"learn":[4.40850819],"iteration":309,"passed_time":0.3844871175,"remaining_time":0.8557939068},
{"learn":[4.404880292],"iteration":310,"passed_time":0.3856851024,"remaining_time":0.8544599213},
{"learn":[4.404593827],"iteration":311,"passed_time":0.3868323032,"remaining_time":0.8530148225},
{"learn":[4.402139942],"iteration":312,"passed_time":0.3880440717,"remaining_time":0.8517133459},
{"learn":[4.400284725],"iteration":313,"passed_time":0.3892677192,"remaining_time":0.8504383929},
{"learn":[4.395805521],"iteration":314,"passed_time":0.3904734329,"remaining_time":0.8491247668},
{"learn":[4.392838833],"iteration":315,"passed_time":0.3916937823,"remaining_time":0.8478435035},
{"learn":[4.389213061],"iteration":316,"passed_time":0.3930707842,"remaining_time":0.8469001439},
{"learn":[4.3861981],"iteration":317,"passed_time":0.3943344294,"remaining_time":0.845710946},
{"learn":[4.385054234],"iteration":318,"passed_time":0.3955731837,"remaining_time":0.8444681446},
{"learn":[4.379364607],"iteration":319,"passed_time":0.3968670464,"remaining_time":0.8433424736},
{"learn":[4.378387619],"iteration":320,"passed_time":0.3980538539,"remaining_time":0.8419893048},
{"learn":[4.375816727],"iteration":321,"passed_time":0.3993360945,"remaining_time":0.840838112},
{"learn":[4.374600202],"iteration":322,"passed_time":0.4005694156,"remaining_time":0.8395835739},
{"learn":[4.37098897],"iteration":323,"passed_time":0.4018361082,"remaining_time":0.8383987936},
{"learn":[4.367418484],"iteration":324,"passed_time":0.4030556456,"remaining_time":0.8371155717},
{"learn":[4.363584638],"iteration":325,"passed_time":0.4043221477,"remaining_time":0.8359298392},
{"learn":[4.360770706],"iteration":326,"passed_time":0.4055863543,"remaining_time":0.8347388881},
{"learn":[4.358675808],"iteration":327,"passed_time":0.406893031,"remaining_time":0.8336345026},
{"learn":[4.354228195],"iteration":328,"passed_time":0.4079114775,"remaining_time":0.8319410377},
{"learn":[4.353773425],"iteration":329,"passed_time":0.4090512001,"remaining_time":0.8304978911},
{"learn":[4.351648009],"iteration":330,"passed_time":0.4103092018,"remaining_time":0.8292956374},
{"learn":[4.348209927],"iteration":331,"passed_time":0.4115740599,"remaining_time":0.8281068434},
{"learn":[4.345852733],"iteration":332,"passed_time":0.4127724156,"remaining_time":0.826784388},
{"learn":[4.34237339],"iteration":333,"passed_time":0.4140755904,"remaining_time":0.8256716862},
{"learn":[4.340814362],"iteration":334,"passed_time":0.4152958697,"remaining_time":0.8243932935},
{"learn":[4.339707068],"iteration":335,"passed_time":0.4165324249,"remaining_time":0.8231474111},
{"learn":[4.335430786],"iteration":336,"passed_time":0.4178032376,"remaining_time":0.8219689807},
{"learn":[4.33521887],"iteration":337,"passed_time":0.4189635504,"remaining_time":0.820573581},
{"learn":[4.328507238],"iteration":338,"passed_time":0.4202563004,"remaining_time":0.819437801},
{"learn":[4.326140732],"iteration":339,"passed_time":0.4215520304,"remaining_time":0.8183068825},
{"learn":[4.323785636],"iteration":340,"passed_time":0.422753213,"remaining_time":0.8169922797},
{"learn":[4.320632534],"iteration":341,"passed_time":0.423920944,"remaining_time":0.81561398},
{"learn":[4.31973724],"iteration":342,"passed_time":0.4250770165,"remaining_time":0.8142145768},
{"learn":[4.318000924],"iteration":343,"passed_time":0.4262664705,"remaining_time":0.8128802461},
{"learn":[4.312713628],"iteration":344,"passed_time":0.4274408477,"remaining_time":0.8115181312},
{"learn":[4.308220789],"iteration":345,"passed_time":0.4284722659,"remaining_time":0.8098868841},
{"learn":[4.305890947],"iteration":346,"passed_time":0.4294733801,"remaining_time":0.8082020668},
{"learn":[4.305137856],"iteration":347,"passed_time":0.4304800478,"remaining_time":0.8065315838},
{"learn":[4.304787172],"iteration":348,"passed_time":0.4314443521,"remaining_time":0.8047858832},
{"learn":[4.30350134],"iteration":349,"passed_time":0.4324419678,"remaining_time":0.8031065115},
{"learn":[4.30293809],"iteration":350,"passed_time":0.4334368467,"remaining_time":0.8014259644},
{"learn":[4.299548459],"iteration":351,"passed_time":0.4344373795,"remaining_time":0.7997597213},
{"learn":[4.294768408],"iteration":352,"passed_time":0.4359557872,"remaining_time":0.7990464429},
{"learn":[4.294581479],"iteration":353,"passed_time":0.4370531195,"remaining_time":0.7975602123},
{"learn":[4.292551604],"iteration":354,"passed_time":0.4383078729,"remaining_time":0.7963621916},
{"learn":[4.288628894],"iteration":355,"passed_time":0.4395750366,"remaining_time":0.7951863022},
{"learn":[4.287802767],"iteration":356,"passed_time":0.4408168848,"remaining_time":0.7939643051},
{"learn":[4.284566905],"iteration":357,"passed_time":0.4422277797,"remaining_time":0.793045348},
{"learn":[4.27890232],"iteration":358,"passed_time":0.4434868638,"remaining_time":0.7918525896},
{"learn":[4.276938023],"iteration":359,"passed_time":0.4444216259,"remaining_time":0.7900828906},
{"learn":[4.273425094],"iteration":360,"passed_time":0.4454697649,"remaining_time":0.7885185036},
{"learn":[4.269726505],"iteration":361,"passed_time":0.4464832994,"remaining_time":0.7868959808},
{"learn":[4.265565857],"iteration":362,"passed_time":0.4475246418,"remaining_time":0.7853256111},
{"learn":[4.262117173],"iteration":363,"passed_time":0.4486018317,"remaining_time":0.7838207829},
{"learn":[4.259185148],"iteration":364,"passed_time":0.4496227242,"remaining_time":0.7822203558},
{"learn":[4.257668507],"iteration":365,"passed_time":0.4505634409,"remaining_time":0.7804842119},
{"learn":[4.253432436],"iteration":366,"passed_time":0.4515440952,"remaining_time":0.7788212868},
{"learn":[4.250216667],"iteration":367,"passed_time":0.4525754532,"remaining_time":0.7772491479},
{"learn":[4.24514828],"iteration":368,"passed_time":0.4536227902,"remaining_time":0.7757072646},
{"learn":[4.244015772],"iteration":369,"passed_time":0.4546332071,"remaining_time":0.7741051905},
{"learn":[4.240329192],"iteration":370,"passed_time":0.4556416793,"remaining_time":0.7725030088},
{"learn":[4.236718014],"iteration":371,"passed_time":0.4569803874,"remaining_time":0.7714615141},
{"learn":[4.233495944],"iteration":372,"passed_time":0.4580961314,"remaining_time":0.7700436311},
{"learn":[4.230357491],"iteration":373,"passed_time":0.4592231066,"remaining_time":0.7686461624},
{"learn":[4.227381215],"iteration":374,"passed_time":0.4602833552,"remaining_time":0.7671389253},
{"learn":[4.226169067],"iteration":375,"passed_time":0.4615048042,"remaining_time":0.7659015899},
{"learn":[4.225963861],"iteration":376,"passed_time":0.4624049117,"remaining_time":0.7641333157},
{"learn":[4.224346548],"iteration":377,"passed_time":0.463404833,"remaining_time":0.7625338787},
{"learn":[4.222595381],"iteration":378,"passed_time":0.4644484109,"remaining_time":0.7610091376},
{"learn":[4.219700938],"iteration":379,"passed_time":0.4656167934,"remaining_time":0.7596905577},
{"learn":[4.216356207],"iteration":380,"passed_time":0.4668113399,"remaining_time":0.758415274},
{"learn":[4.214326494],"iteration":381,"passed_time":0.4679874012,"remaining_time":0.7571105077},
{"learn":[4.212901398],"iteration":382,"passed_time":0.4691573275,"remaining_time":0.7557965302},
{"learn":[4.211331091],"iteration":383,"passed_time":0.4705213778,"remaining_time":0.7547947102},
{"learn":[4.208624791],"iteration":384,"passed_time":0.4716682378,"remaining_time":0.7534440682},
{"learn":[4.204659106],"iteration":385,"passed_time":0.4726909748,"remaining_time":0.7518970428},
{"learn":[4.202968852],"iteration":386,"passed_time":0.474016521,"remaining_time":0.7508323705},
{"learn":[4.197261935],"iteration":387,"passed_time":0.4752843301,"remaining_time":0.7496752835},
{"learn":[4.196934403],"iteration":388,"passed_time":0.4764568127,"remaining_time":0.7483678986},
{"learn":[4.192479929],"iteration":389,"passed_time":0.4777077869,"remaining_time":0.7471839743},
{"learn":[4.190243116],"iteration":390,"passed_time":0.4789833073,"remaining_time":0.7460379389},
{"learn":[4.185852431],"iteration":391,"passed_time":0.4802761274,"remaining_time":0.7449180751},
{"learn":[4.180967944],"iteration":392,"passed_time":0.4815108519,"remaining_time":0.7437076008},
{"learn":[4.178283162],"iteration":393,"passed_time":0.4827836657,"remaining_time":0.7425555873},
{"learn":[4.176341157],"iteration":394,"passed_time":0.4840717643,"remaining_time":0.7414263731},
{"learn":[4.176041504],"iteration":395,"passed_time":0.485375554,"remaining_time":0.7403202894},
{"learn":[4.175564513],"iteration":396,"passed_time":0.4865780599,"remaining_time":0.7390593705},
{"learn":[4.170830274],"iteration":397,"passed_time":0.4878411035,"remaining_time":0.7378903124},
{"learn":[4.167804808],"iteration":398,"passed_time":0.4891199492,"remaining_time":0.7367445852},
{"learn":[4.165860548],"iteration":399,"passed_time":0.4903516664,"remaining_time":0.7355274996},
{"learn":[4.160950571],"iteration":400,"passed_time":0.4916137678,"remaining_time":0.7343557279},
{"learn":[4.158544115],"iteration":401,"passed_time":0.4928519307,"remaining_time":0.7331478969},
{"learn":[4.154448767],"iteration":402,"passed_time":0.4940561808,"remaining_time":0.7318896773},
{"learn":[4.15197457],"iteration":403,"passed_time":0.4952857027,"remaining_time":0.7306690069},
{"learn":[4.149562679],"iteration":404,"passed_time":0.4965033254,"remaining_time":0.7294308115},
{"learn":[4.149327961],"iteration":405,"passed_time":0.4976590471,"remaining_time":0.7281021526},
{"learn":[4.147444889],"iteration":406,"passed_time":0.4989617338,"remaining_time":0.7269884721},
{"learn":[4.147254809],"iteration":407,"passed_time":0.500172139,"remaining_time":0.7257399663},
{"learn":[4.144589165],"iteration":408,"passed_time":0.5013944532,"remaining_time":0.7245088553},
{"learn":[4.141691034],"iteration":409,"passed_time":0.5025755769,"remaining_time":0.723218513},
{"learn":[4.138893468],"iteration":410,"passed_time":0.5037447614,"remaining_time":0.7219115923},
{"learn":[4.136964597],"iteration":411,"passed_time":0.5049158606,"remaining_time":0.7206080729},
{"learn":[4.133773523],"iteration":412,"passed_time":0.5059893114,"remaining_time":0.7191664062},
{"learn":[4.131363444],"iteration":413,"passed_time":0.5069914781,"remaining_time":0.7176256188},
{"learn":[4.130228592],"iteration":414,"passed_time":0.50796706,"remaining_time":0.716049952},
{"learn":[4.12884186],"iteration":415,"passed_time":0.5089636331,"remaining_time":0.7145066387},
{"learn":[4.12413494],"iteration":416,"passed_time":0.5099749121,"remaining_time":0.7129865077},
{"learn":[4.119422508],"iteration":417,"passed_time":0.5110155427,"remaining_time":0.7115096791},
{"learn":[4.117038244],"iteration":418,"passed_time":0.5120066224,"remaining_time":0.7099662234},
{"learn":[4.116067631],"iteration":419,"passed_time":0.5131815509,"remaining_time":0.7086792846},
{"learn":[4.110343455],"iteration":420,"passed_time":0.5143296941,"remaining_time":0.7073560401},
{"learn":[4.105604544],"iteration":421,"passed_time":0.5153561702,"remaining_time":0.7058669819},
{"learn":[4.103390131],"iteration":422,"passed_time":0.5163878891,"remaining_time":0.7043872624},
{"learn":[4.096724402],"iteration":423,"passed_time":0.5174087114,"remaining_time":0.7028948532},
{"learn":[4.093431279],"iteration":424,"passed_time":0.5184261955,"remaining_time":0.7014001469},
{"learn":[4.091412744],"iteration":425,"passed_time":0.5194400709,"remaining_time":0.6999028185},
{"learn":[4.091192901],"iteration":426,"passed_time":0.5204188104,"remaining_time":0.6983606051},
{"learn":[4.088994581],"iteration":427,"passed_time":0.5214170175,"remaining_time":0.6968470421},
{"learn":[4.087845355],"iteration":428,"passed_time":0.5224153349,"remaining_time":0.6953360284},
{"learn":[4.083650279],"iteration":429,"passed_time":0.5234304733,"remaining_time":0.6938496971},
{"learn":[4.079840652],"iteration":430,"passed_time":0.5244280689,"remaining_time":0.6923423925},
{"learn":[4.075707828],"iteration":431,"passed_time":0.5254614719,"remaining_time":0.6908845278},
{"learn":[4.071345409],"iteration":432,"passed_time":0.5265922633,"remaining_time":0.6895561508},
{"learn":[4.067460475],"iteration":433,"passed_time":0.5278440094,"remaining_time":0.688386427},
{"learn":[4.064914749],"iteration":434,"passed_time":0.5290372827,"remaining_time":0.6871403787},
{"learn":[4.063823175],"iteration":435,"passed_time":0.5300600397,"remaining_time":0.6856739964},
{"learn":[4.058898471],"iteration":436,"passed_time":0.5311973959,"remaining_time":0.6843572858},
{"learn":[4.054120355],"iteration":437,"passed_time":0.5322758589,"remaining_time":0.6829658281},
{"learn":[4.052715901],"iteration":438,"passed_time":0.5332271715,"remaining_time":0.6814133103},
{"learn":[4.052114167],"iteration":439,"passed_time":0.5343683677,"remaining_time":0.6801051953},
{"learn":[4.051377267],"iteration":440,"passed_time":0.5355571902,"remaining_time":0.6788582071},
{"learn":[4.049275336],"iteration":441,"passed_time":0.53674085,"remaining_time":0.6776049645},
{"learn":[4.047099198],"iteration":442,"passed_time":0.5378933839,"remaining_time":0.6763129003},
{"learn":[4.044348685],"iteration":443,"passed_time":0.5391194473,"remaining_time":0.6751135421},
{"learn":[4.042822379],"iteration":444,"passed_time":0.5405122879,"remaining_time":0.6741220669},
{"learn":[4.041258611],"iteration":445,"passed_time":0.5417349636,"remaining_time":0.6729174212},
{"learn":[4.040044254],"iteration":446,"passed_time":0.5429510326,"remaining_time":0.6717045213},
{"learn":[4.036860137],"iteration":447,"passed_time":0.5441760133,"remaining_time":0.6705025879},
{"learn":[4.036372284],"iteration":448,"passed_time":0.5453590016,"remaining_time":0.6692490197},
{"learn":[4.03368231],"iteration":449,"passed_time":0.5466316186,"remaining_time":0.6681053116},
{"learn":[4.032439519],"iteration":450,"passed_time":0.5479137783,"remaining_time":0.6669726481},
{"learn":[4.032008634],"iteration":451,"passed_time":0.5491371952,"remaining_time":0.665768104},
{"learn":[4.030034932],"iteration":452,"passed_time":0.5503973857,"remaining_time":0.6646078807},
{"learn":[4.028173412],"iteration":453,"passed_time":0.5515952302,"remaining_time":0.6633722372},
{"learn":[4.023806097],"iteration":454,"passed_time":0.5528770359,"remaining_time":0.6622373287},
{"learn":[4.020239186],"iteration":455,"passed_time":0.5542177592,"remaining_time":0.6611720637},
{"learn":[4.017384838],"iteration":456,"passed_time":0.5555082004,"remaining_time":0.6600458486},
{"learn":[4.016468229],"iteration":457,"passed_time":0.5567472355,"remaining_time":0.6588580822},
{"learn":[4.014530169],"iteration":458,"passed_time":0.5579953521,"remaining_time":0.6576807963},
{"learn":[4.012884822],"iteration":459,"passed_time":0.5592141878,"remaining_time":0.6564688292},
{"learn":[4.008924707],"iteration":460,"passed_time":0.5604081228,"remaining_time":0.6552277184},
{"learn":[4.008286778],"iteration":461,"passed_time":0.5616329168,"remaining_time":0.6540227473},
{"learn":[4.006444202],"iteration":462,"passed_time":0.5628712502,"remaining_time":0.6528333938},
{"learn":[4.003284363],"iteration":463,"passed_time":0.5640808032,"remaining_time":0.651610583},
{"learn":[3.999811484],"iteration":464,"passed_time":0.5653293979,"remaining_time":0.6504327481},
{"learn":[3.997483319],"iteration":465,"passed_time":0.5665531957,"remaining_time":0.6492261942},
{"learn":[3.99708333],"iteration":466,"passed_time":0.5679843736,"remaining_time":0.6482562551},
{"learn":[3.995860263],"iteration":467,"passed_time":0.5690477799,"remaining_time":0.6468662797},
{"learn":[3.994131111],"iteration":468,"passed_time":0.5701525171,"remaining_time":0.6455244916},
{"learn":[3.993125499],"iteration":469,"passed_time":0.5714172148,"remaining_time":0.6443640933},
{"learn":[3.992954084],"iteration":470,"passed_time":0.572638172,"remaining_time":0.6431541252},
{"learn":[3.990635743],"iteration":471,"passed_time":0.5738921736,"remaining_time":0.6419810755},
{"learn":[3.986678254],"iteration":472,"passed_time":0.5752414916,"remaining_time":0.6409138818},
{"learn":[3.986393291],"iteration":473,"passed_time":0.576479444,"remaining_time":0.6397219147},
{"learn":[3.986152671],"iteration":474,"passed_time":0.577617703,"remaining_time":0.6384195665},
{"learn":[3.985596662],"iteration":475,"passed_time":0.5787828878,"remaining_time":0.6371475488},
{"learn":[3.983853457],"iteration":476,"passed_time":0.5799831582,"remaining_time":0.6359144481},
{"learn":[3.983263928],"iteration":477,"passed_time":0.5815959063,"remaining_time":0.6351319311},
{"learn":[3.980067202],"iteration":478,"passed_time":0.5828704079,"remaining_time":0.6339780429},
{"learn":[3.978115407],"iteration":479,"passed_time":0.5841061349,"remaining_time":0.6327816462},
{"learn":[3.972661644],"iteration":480,"passed_time":0.5853192768,"remaining_time":0.6315607165},
{"learn":[3.969938254],"iteration":481,"passed_time":0.5865576001,"remaining_time":0.6303668814},
{"learn":[3.968211434],"iteration":482,"passed_time":0.587775684,"remaining_time":0.629151198},
{"learn":[3.966113368],"iteration":483,"passed_time":0.5890323718,"remaining_time":0.6279766609},
{"learn":[3.962246044],"iteration":484,"passed_time":0.5902752463,"remaining_time":0.6267871172},
{"learn":[3.961319703],"iteration":485,"passed_time":0.59148507,"remaining_time":0.6255623991},
{"learn":[3.96078191],"iteration":486,"passed_time":0.5926442701,"remaining_time":0.624284416},
{"learn":[3.958913633],"iteration":487,"passed_time":0.5936941835,"remaining_time":0.6228922581},
{"learn":[3.957428286],"iteration":488,"passed_time":0.594705683,"remaining_time":0.6214613579},
{"learn":[3.952641965],"iteration":489,"passed_time":0.5959262229,"remaining_time":0.6202497422},
{"learn":[3.951486786],"iteration":490,"passed_time":0.5971117573,"remaining_time":0.6190018014},
{"learn":[3.94938344],"iteration":491,"passed_time":0.5983181727,"remaining_time":0.6177756743},
{"learn":[3.947297924],"iteration":492,"passed_time":0.5993446489,"remaining_time":0.616364578},
{"learn":[3.946284886],"iteration":493,"passed_time":0.6004092114,"remaining_time":0.6149940505},
{"learn":[3.943288204],"iteration":494,"passed_time":0.6016373198,"remaining_time":0.613791609},
{"learn":[3.943076488],"iteration":495,"passed_time":0.6028001889,"remaining_time":0.6125227725},
{"learn":[3.942347078],"iteration":496,"passed_time":0.6039684311,"remaining_time":0.6112598005},
{"learn":[3.940251541],"iteration":497,"passed_time":0.6051580856,"remaining_time":0.6100187931},
{"learn":[3.939011019],"iteration":498,"passed_time":0.6063811115,"remaining_time":0.6088114968},
{"learn":[3.938760512],"iteration":499,"passed_time":0.6074945901,"remaining_time":0.6074945901},
{"learn":[3.934522727],"iteration":500,"passed_time":0.6087738032,"remaining_time":0.6063435685},
{"learn":[3.930091193],"iteration":501,"passed_time":0.6101880573,"remaining_time":0.6053260011},
{"learn":[3.927671752],"iteration":502,"passed_time":0.6114888231,"remaining_time":0.6041947218},
{"learn":[3.927280041],"iteration":503,"passed_time":0.6126095593,"remaining_time":0.602885598},
{"learn":[3.925987561],"iteration":504,"passed_time":0.6136759829,"remaining_time":0.6015239833},
{"learn":[3.921645957],"iteration":505,"passed_time":0.6146678145,"remaining_time":0.6000907121},
{"learn":[3.920333743],"iteration":506,"passed_time":0.6157642012,"remaining_time":0.5987608505},
{"learn":[3.918659461],"iteration":507,"passed_time":0.6167424195,"remaining_time":0.5973174614},
{"learn":[3.916124385],"iteration":508,"passed_time":0.6178773805,"remaining_time":0.5960270998},
{"learn":[3.913849268],"iteration":509,"passed_time":0.6188260967,"remaining_time":0.5945584067},
{"learn":[3.912826119],"iteration":510,"passed_time":0.6200038923,"remaining_time":0.5933109654},
{"learn":[3.910034145],"iteration":511,"passed_time":0.6211604961,"remaining_time":0.5920435978},
{"learn":[3.90792379],"iteration":512,"passed_time":0.6224397995,"remaining_time":0.5908931429},
{"learn":[3.907823851],"iteration":513,"passed_time":0.623643669,"remaining_time":0.5896708621},
{"learn":[3.904527401],"iteration":514,"passed_time":0.6249107325,"remaining_time":0.5885081655},
{"learn":[3.903378283],"iteration":515,"passed_time":0.6261893238,"remaining_time":0.5873558773},
{"learn":[3.902170135],"iteration":516,"passed_time":0.6274396367,"remaining_time":0.5861766818},
{"learn":[3.899435429],"iteration":517,"passed_time":0.6286855385,"remaining_time":0.5849931072},
{"learn":[3.897497505],"iteration":518,"passed_time":0.6299473087,"remaining_time":0.583823999},
{"learn":[3.896426119],"iteration":519,"passed_time":0.6311871561,"remaining_time":0.5826342979},
{"learn":[3.896044669],"iteration":520,"passed_time":0.6323731817,"remaining_time":0.5813949214},
{"learn":[3.892795942],"iteration":521,"passed_time":0.6336607149,"remaining_time":0.5802487006},
{"learn":[3.892413888],"iteration":522,"passed_time":0.634913985,"remaining_time":0.57907069},
{"learn":[3.891738985],"iteration":523,"passed_time":0.6361155984,"remaining_time":0.5778454672},
{"learn":[3.88822057],"iteration":524,"passed_time":0.6373710636,"remaining_time":0.5766690575},
{"learn":[3.883837053],"iteration":525,"passed_time":0.638490642,"remaining_time":0.5753698941},
{"learn":[3.881769742],"iteration":526,"passed_time":0.6397210459,"remaining_time":0.5741708818},
{"learn":[3.880356898],"iteration":527,"passed_time":0.6409620157,"remaining_time":0.5729811959},
{"learn":[3.879250273],"iteration":528,"passed_time":0.6422457703,"remaining_time":0.5718294098},
{"learn":[3.877174493],"iteration":529,"passed_time":0.643531098,"remaining_time":0.5706785209},
{"learn":[3.875854201],"iteration":530,"passed_time":0.6447599783,"remaining_time":0.569477269},
{"learn":[3.873189396],"iteration":531,"passed_time":0.6459422748,"remaining_time":0.5682349335},
{"learn":[3.871583368],"iteration":532,"passed_time":0.6471287816,"remaining_time":0.5669965122},
{"learn":[3.869622679],"iteration":533,"passed_time":0.6483420839,"remaining_time":0.5657816687},
{"learn":[3.866860164],"iteration":534,"passed_time":0.6496332061,"remaining_time":0.5646344689},
{"learn":[3.864498444],"iteration":535,"passed_time":0.6507773294,"remaining_time":0.5633594792},
{"learn":[3.861416322],"iteration":536,"passed_time":0.6519492907,"remaining_time":0.5621089788},
{"learn":[3.860265769],"iteration":537,"passed_time":0.6531509946,"remaining_time":0.5608843114},
{"learn":[3.859328725],"iteration":538,"passed_time":0.6542547093,"remaining_time":0.5595759202},
{"learn":[3.858521278],"iteration":539,"passed_time":0.6552546406,"remaining_time":0.558179879},
{"learn":[3.85599111],"iteration":540,"passed_time":0.6562767761,"remaining_time":0.5568041409},
{"learn":[3.852379816],"iteration":541,"passed_time":0.6573024503,"remaining_time":0.5554326978},
{"learn":[3.851327537],"iteration":542,"passed_time":0.6583294376,"remaining_time":0.5540636335},
{"learn":[3.847854898],"iteration":543,"passed_time":0.6593614873,"remaining_time":0.5527000703},
{"learn":[3.847083414],"iteration":544,"passed_time":0.660352988,"remaining_time":0.5513038707},
{"learn":[3.845397429],"iteration":545,"passed_time":0.6613693795,"remaining_time":0.5499298504},
{"learn":[3.841933528],"iteration":546,"passed_time":0.6623775509,"remaining_time":0.5485503301},
{"learn":[3.840996474],"iteration":547,"passed_time":0.6634025334,"remaining_time":0.5471860312},
{"learn":[3.838355966],"iteration":548,"passed_time":0.6644043392,"remaining_time":0.545803929},
{"learn":[3.83342799],"iteration":549,"passed_time":0.6654418723,"remaining_time":0.544452441},
{"learn":[3.828161535],"iteration":550,"passed_time":0.6666334515,"remaining_time":0.543227622},
{"learn":[3.823502399],"iteration":551,"passed_time":0.6678164598,"remaining_time":0.5419959674},
{"learn":[3.820068862],"iteration":552,"passed_time":0.6690257422,"remaining_time":0.5407857265},
{"learn":[3.817951642],"iteration":553,"passed_time":0.6701959893,"remaining_time":0.5395440636},
{"learn":[3.815785958],"iteration":554,"passed_time":0.6713835186,"remaining_time":0.5383165149},
{"learn":[3.81503012],"iteration":555,"passed_time":0.6725810423,"remaining_time":0.5370970914},
{"learn":[3.813529315],"iteration":556,"passed_time":0.6736957689,"remaining_time":0.5358118952},
{"learn":[3.808881326],"iteration":557,"passed_time":0.6748273516,"remaining_time":0.534540662},
{"learn":[3.808740434],"iteration":558,"passed_time":0.6760656903,"remaining_time":0.5333541492},
{"learn":[3.80714352],"iteration":559,"passed_time":0.6773105593,"remaining_time":0.5321725823},
{"learn":[3.80573346],"iteration":560,"passed_time":0.6783921102,"remaining_time":0.5308629882},
{"learn":[3.803370052],"iteration":561,"passed_time":0.6796591837,"remaining_time":0.5296987944},
{"learn":[3.803215211],"iteration":562,"passed_time":0.6809156814,"remaining_time":0.5285260262},
{"learn":[3.801309667],"iteration":563,"passed_time":0.6821442509,"remaining_time":0.5273313712},
{"learn":[3.800003847],"iteration":564,"passed_time":0.683353413,"remaining_time":0.5261216542},
{"learn":[3.798026138],"iteration":565,"passed_time":0.6845751358,"remaining_time":0.5249215705},
{"learn":[3.794745847],"iteration":566,"passed_time":0.6855638998,"remaining_time":0.5235435073},
{"learn":[3.794312041],"iteration":567,"passed_time":0.6865550096,"remaining_time":0.5221685988},
{"learn":[3.792205926],"iteration":568,"passed_time":0.6875323056,"remaining_time":0.5207845759},
{"learn":[3.788991061],"iteration":569,"passed_time":0.6884542866,"remaining_time":0.5193602513},
{"learn":[3.787391572],"iteration":570,"passed_time":0.6894289361,"remaining_time":0.5179772567},
{"learn":[3.7826445],"iteration":571,"passed_time":0.6904165474,"remaining_time":0.5166053886},
{"learn":[3.781700331],"iteration":572,"passed_time":0.6914274454,"remaining_time":0.515252215},
{"learn":[3.780045374],"iteration":573,"passed_time":0.6925834578,"remaining_time":0.5140079321},
{"learn":[3.775462644],"iteration":574,"passed_time":0.693775057,"remaining_time":0.5127902595},
{"learn":[3.773711943],"iteration":575,"passed_time":0.6949358263,"remaining_time":0.5115499833},
{"learn":[3.772415806],"iteration":576,"passed_time":0.6961916824,"remaining_time":0.5103796909},
{"learn":[3.770170875],"iteration":577,"passed_time":0.6974533227,"remaining_time":0.5092133256},
{"learn":[3.765166479],"iteration":578,"passed_time":0.6987409661,"remaining_time":0.5080655384},
{"learn":[3.763976102],"iteration":579,"passed_time":0.6999657864,"remaining_time":0.5068717764},
{"learn":[3.760761708],"iteration":580,"passed_time":0.7012268403,"remaining_time":0.505704038},
{"learn":[3.758155662],"iteration":581,"passed_time":0.7023461881,"remaining_time":0.5044342038},
{"learn":[3.756844548],"iteration":582,"passed_time":0.7035631793,"remaining_time":0.5032347269},
{"learn":[3.753098923],"iteration":583,"passed_time":0.7048268047,"remaining_time":0.5020684089},
{"learn":[3.751618946],"iteration":584,"passed_time":0.7060572388,"remaining_time":0.5008782121},
{"learn":[3.751398464],"iteration":585,"passed_time":0.7072507925,"remaining_time":0.4996618227},
{"learn":[3.749920103],"iteration":586,"passed_time":0.7084348082,"remaining_time":0.4984388003},
{"learn":[3.748237465],"iteration":587,"passed_time":0.7093318984,"remaining_time":0.4970148676},
{"learn":[3.746021536],"iteration":588,"passed_time":0.7103926235,"remaining_time":0.495706907},
{"learn":[3.74417648],"iteration":589,"passed_time":0.7116327712,"remaining_time":0.4945244682},
{"learn":[3.738788389],"iteration":590,"passed_time":0.7129090068,"remaining_time":0.4933668084},
{"learn":[3.736021611],"iteration":591,"passed_time":0.7141508487,"remaining_time":0.4921850444},
{"learn":[3.734546151],"iteration":592,"passed_time":0.7153515251,"remaining_time":0.4909748242},
{"learn":[3.733527479],"iteration":593,"passed_time":0.7164269059,"remaining_time":0.4896789963},
{"learn":[3.733026392],"iteration":594,"passed_time":0.7174743733,"remaining_time":0.4883649096},
{"learn":[3.730314752],"iteration":595,"passed_time":0.7185103827,"remaining_time":0.4870439507},
{"learn":[3.727342596],"iteration":596,"passed_time":0.7195497502,"remaining_time":0.4857262133},
{"learn":[3.725459604],"iteration":597,"passed_time":0.7205573803,"remaining_time":0.4843880717},
{"learn":[3.723158842],"iteration":598,"passed_time":0.7215536627,"remaining_time":0.483043437},
{"learn":[3.722362756],"iteration":599,"passed_time":0.7226464003,"remaining_time":0.4817642669},
{"learn":[3.721443615],"iteration":600,"passed_time":0.723556402,"remaining_time":0.4803644},
{"learn":[3.720743486],"iteration":601,"passed_time":0.7245844921,"remaining_time":0.4790442323},
{"learn":[3.720215334],"iteration":602,"passed_time":0.7255678729,"remaining_time":0.4776955979},
{"learn":[3.719436563],"iteration":603,"passed_time":0.7265562059,"remaining_time":0.4763514198},
{"learn":[3.715046574],"iteration":604,"passed_time":0.7275701013,"remaining_time":0.4750251075},
{"learn":[3.71443396],"iteration":605,"passed_time":0.7285953344,"remaining_time":0.4737071976},
{"learn":[3.712938941],"iteration":606,"passed_time":0.7296032652,"remaining_time":0.4723790498},
{"learn":[3.712814764],"iteration":607,"passed_time":0.7305649431,"remaining_time":0.4710221344},
{"learn":[3.71235348],"iteration":608,"passed_time":0.731599108,"remaining_time":0.4697130562},
{"learn":[3.711223749],"iteration":609,"passed_time":0.7325741084,"remaining_time":0.4683670529},
{"learn":[3.710755648],"iteration":610,"passed_time":0.733561058,"remaining_time":0.4670298716},
{"learn":[3.708668039],"iteration":611,"passed_time":0.7345926366,"remaining_time":0.4657221291},
{"learn":[3.705623591],"iteration":612,"passed_time":0.7358025161,"remaining_time":0.4645278527},
{"learn":[3.704045802],"iteration":613,"passed_time":0.7370707424,"remaining_time":0.4633702061},
{"learn":[3.699915209],"iteration":614,"passed_time":0.7383820135,"remaining_time":0.4622391467},
{"learn":[3.696182221],"iteration":615,"passed_time":0.7396926834,"remaining_time":0.4611071273},
{"learn":[3.694263278],"iteration":616,"passed_time":0.7409986917,"remaining_time":0.4599716352},
{"learn":[3.693810229],"iteration":617,"passed_time":0.7422711283,"remaining_time":0.4588148398},
{"learn":[3.690900932],"iteration":618,"passed_time":0.7436094056,"remaining_time":0.4576981964},
{"learn":[3.688020895],"iteration":619,"passed_time":0.7449340234,"remaining_time":0.456572466},
{"learn":[3.685491894],"iteration":620,"passed_time":0.7462486931,"remaining_time":0.4554400237},
{"learn":[3.684328128],"iteration":621,"passed_time":0.7475072822,"remaining_time":0.4542729142},
{"learn":[3.680640153],"iteration":622,"passed_time":0.748783518,"remaining_time":0.4531161899},
{"learn":[3.678932783],"iteration":623,"passed_time":0.7501736307,"remaining_time":0.4520277005},
{"learn":[3.674167041],"iteration":624,"passed_time":0.7511303866,"remaining_time":0.4506782319},
{"learn":[3.672200976],"iteration":625,"passed_time":0.7523606302,"remaining_time":0.4494934116},
{"learn":[3.670606604],"iteration":626,"passed_time":0.7535555475,"remaining_time":0.448287431},
{"learn":[3.665506042],"iteration":627,"passed_time":0.7547688197,"remaining_time":0.4470923582},
{"learn":[3.664214007],"iteration":628,"passed_time":0.7559751649,"remaining_time":0.4458931418},
{"learn":[3.66261643],"iteration":629,"passed_time":0.7571524893,"remaining_time":0.4446768588},
{"learn":[3.662118449],"iteration":630,"passed_time":0.7583437678,"remaining_time":0.4434688594},
{"learn":[3.660871366],"iteration":631,"passed_time":0.7595211222,"remaining_time":0.4422528054},
{"learn":[3.656695243],"iteration":632,"passed_time":0.7607261643,"remaining_time":0.4410529262},
{"learn":[3.654497801],"iteration":633,"passed_time":0.7619397472,"remaining_time":0.4398579613},
{"learn":[3.654189134],"iteration":634,"passed_time":0.7631194173,"remaining_time":0.4386434446},
{"learn":[3.653957699],"iteration":635,"passed_time":0.7645181824,"remaining_time":0.4375544314},
{"learn":[3.651920725],"iteration":636,"passed_time":0.7657251485,"remaining_time":0.4363551474},
{"learn":[3.65106705],"iteration":637,"passed_time":0.7668690331,"remaining_time":0.435120047},
{"learn":[3.650612844],"iteration":638,"passed_time":0.7681395049,"remaining_time":0.4339567469},
{"learn":[3.649884732],"iteration":639,"passed_time":0.7693670118,"remaining_time":0.4327689442},
{"learn":[3.646276182],"iteration":640,"passed_time":0.7706871649,"remaining_time":0.4316329052},
{"learn":[3.645808194],"iteration":641,"passed_time":0.771871326,"remaining_time":0.4304204591},
{"learn":[3.645042989],"iteration":642,"passed_time":0.7730632461,"remaining_time":0.4292124088},
{"learn":[3.639864499],"iteration":643,"passed_time":0.7742842371,"remaining_time":0.4280204789},
{"learn":[3.637318478],"iteration":644,"passed_time":0.775512566,"remaining_time":0.4268324976},
{"learn":[3.636344905],"iteration":645,"passed_time":0.7767034334,"remaining_time":0.4256238629},
{"learn":[3.634754643],"iteration":646,"passed_time":0.7778530884,"remaining_time":0.4243927978},
{"learn":[3.630724975],"iteration":647,"passed_time":0.778881429,"remaining_time":0.4230960849},
{"learn":[3.629408252],"iteration":648,"passed_time":0.7798714161,"remaining_time":0.4217794561},
{"learn":[3.62790646],"iteration":649,"passed_time":0.780842126,"remaining_time":0.4204534525},
{"learn":[3.627388973],"iteration":650,"passed_time":0.7818121844,"remaining_time":0.419128191},
{"learn":[3.625163557],"iteration":651,"passed_time":0.7827821425,"remaining_time":0.4178039656},
{"learn":[3.623701985],"iteration":652,"passed_time":0.7838235751,"remaining_time":0.4165188064},
{"learn":[3.622342639],"iteration":653,"passed_time":0.7849920786,"remaining_time":0.4153016196},
{"learn":[3.621130639],"iteration":654,"passed_time":0.7860825008,"remaining_time":0.4140434546},
{"learn":[3.619125665],"iteration":655,"passed_time":0.7871750181,"remaining_time":0.4127868998},
{"learn":[3.618878783],"iteration":656,"passed_time":0.788164534,"remaining_time":0.4114770703},
{"learn":[3.616207429],"iteration":657,"passed_time":0.789260018,"remaining_time":0.410223292},
{"learn":[3.61206486],"iteration":658,"passed_time":0.7903599334,"remaining_time":0.4089722872},
{"learn":[3.611955873],"iteration":659,"passed_time":0.7914817228,"remaining_time":0.4077330087},
{"learn":[3.610713743],"iteration":660,"passed_time":0.7926152402,"remaining_time":0.4065001005},
{"learn":[3.610044025],"iteration":661,"passed_time":0.7937979478,"remaining_time":0.4052926078},
{"learn":[3.607342669],"iteration":662,"passed_time":0.7948477909,"remaining_time":0.4040176554},
{"learn":[3.602510618],"iteration":663,"passed_time":0.7959584325,"remaining_time":0.4027741466},
{"learn":[3.600492392],"iteration":664,"passed_time":0.7970167664,"remaining_time":0.4015046868},
{"learn":[3.597171065],"iteration":665,"passed_time":0.7980751504,"remaining_time":0.4002358862},
{"learn":[3.594358798],"iteration":666,"passed_time":0.7992072256,"remaining_time":0.3990045069},
{"learn":[3.593945251],"iteration":667,"passed_time":0.8004489672,"remaining_time":0.3978279298},
{"learn":[3.593607748],"iteration":668,"passed_time":0.8015535948,"remaining_time":0.3965833182},
{"learn":[3.592238714],"iteration":669,"passed_time":0.8025433312,"remaining_time":0.3952825362},
{"learn":[3.590144654],"iteration":670,"passed_time":0.8035827288,"remaining_time":0.394007031},
{"learn":[3.587151536],"iteration":671,"passed_time":0.8046769002,"remaining_time":0.3927589632},
{"learn":[3.586070865],"iteration":672,"passed_time":0.8057836936,"remaining_time":0.3915174856},
{"learn":[3.585102746],"iteration":673,"passed_time":0.8069789518,"remaining_time":0.3903191963},
{"learn":[3.584362847],"iteration":674,"passed_time":0.808163554,"remaining_time":0.3891157852},
{"learn":[3.581407561],"iteration":675,"passed_time":0.809269885,"remaining_time":0.3878749153},
{"learn":[3.57919422],"iteration":676,"passed_time":0.8103211216,"remaining_time":0.386608157},
{"learn":[3.577632204],"iteration":677,"passed_time":0.8114738559,"remaining_time":0.3853902384},
{"learn":[3.573911195],"iteration":678,"passed_time":0.8126361035,"remaining_time":0.3841770092},
{"learn":[3.573408216],"iteration":679,"passed_time":0.8137227164,"remaining_time":0.3829283372},
{"learn":[3.571076482],"iteration":680,"passed_time":0.8149367204,"remaining_time":0.3817398147},
{"learn":[3.568177107],"iteration":681,"passed_time":0.8161873738,"remaining_time":0.3805683063},
{"learn":[3.564824621],"iteration":682,"passed_time":0.8175046803,"remaining_time":0.3794275017},
{"learn":[3.562475026],"iteration":683,"passed_time":0.8187698993,"remaining_time":0.3782621172},
{"learn":[3.561226889],"iteration":684,"passed_time":0.8200836264,"remaining_time":0.3771187479},
{"learn":[3.559383467],"iteration":685,"passed_time":0.8213786782,"remaining_time":0.3759663337},
{"learn":[3.555209766],"iteration":686,"passed_time":0.8223666503,"remaining_time":0.3746735976},
{"learn":[3.55345383],"iteration":687,"passed_time":0.8233904198,"remaining_time":0.3733979811},
{"learn":[3.552300968],"iteration":688,"passed_time":0.8243901506,"remaining_time":0.372112245},
{"learn":[3.551253986],"iteration":689,"passed_time":0.8254206465,"remaining_time":0.37084116},
{"learn":[3.549807725],"iteration":690,"passed_time":0.8264406869,"remaining_time":0.3695660959},
{"learn":[3.547992926],"iteration":691,"passed_time":0.8274367086,"remaining_time":0.3682810784},
{"learn":[3.545438607],"iteration":692,"passed_time":0.8285424482,"remaining_time":0.3670455002},
{"learn":[3.543313763],"iteration":693,"passed_time":0.8296311463,"remaining_time":0.3658027821},
{"learn":[3.542962896],"iteration":694,"passed_time":0.8307122758,"remaining_time":0.3645571858},
{"learn":[3.539800465],"iteration":695,"passed_time":0.8318973992,"remaining_time":0.3633574847},
{"learn":[3.53953187],"iteration":696,"passed_time":0.8330603986,"remaining_time":0.3621482077},
{"learn":[3.536332425],"iteration":697,"passed_time":0.8343837449,"remaining_time":0.3610084398},
{"learn":[3.534993327],"iteration":698,"passed_time":0.8356092666,"remaining_time":0.3598260218},
{"learn":[3.531637011],"iteration":699,"passed_time":0.836870977,"remaining_time":0.3586589902},
{"learn":[3.531040284],"iteration":700,"passed_time":0.8380772521,"remaining_time":0.3574680433},
{"learn":[3.529973872],"iteration":701,"passed_time":0.8392911458,"remaining_time":0.356280287},
{"learn":[3.527325183],"iteration":702,"passed_time":0.840522041,"remaining_time":0.3550996389},
{"learn":[3.527200815],"iteration":703,"passed_time":0.8416827147,"remaining_time":0.3538893232},
{"learn":[3.523459911],"iteration":704,"passed_time":0.8428752663,"remaining_time":0.3526924873},
{"learn":[3.522729934],"iteration":705,"passed_time":0.8440807695,"remaining_time":0.351501057},
{"learn":[3.522260582],"iteration":706,"passed_time":0.8452926482,"remaining_time":0.350312229},
{"learn":[3.518641591],"iteration":707,"passed_time":0.8465401138,"remaining_time":0.3491380131},
{"learn":[3.516856405],"iteration":708,"passed_time":0.847733317,"remaining_time":0.3479413191},
{"learn":[3.515083413],"iteration":709,"passed_time":0.849613207,"remaining_time":0.3470251127},
{"learn":[3.514671214],"iteration":710,"passed_time":0.8508450445,"remaining_time":0.3458427818},
{"learn":[3.512617621],"iteration":711,"passed_time":0.8520799595,"remaining_time":0.3446615566},
{"learn":[3.510747971],"iteration":712,"passed_time":0.8533389934,"remaining_time":0.3434898893},
{"learn":[3.508149266],"iteration":713,"passed_time":0.8546007138,"remaining_time":0.3423190534},
{"learn":[3.504557165],"iteration":714,"passed_time":0.8558133344,"remaining_time":0.341128392},
{"learn":[3.501367208],"iteration":715,"passed_time":0.8570290024,"remaining_time":0.339938878},
{"learn":[3.497593362],"iteration":716,"passed_time":0.8582591056,"remaining_time":0.3387549887},
{"learn":[3.496291169],"iteration":717,"passed_time":0.8595124256,"remaining_time":0.3375800891},
{"learn":[3.49330374],"iteration":718,"passed_time":0.8607395415,"remaining_time":0.3363947304},
{"learn":[3.490044385],"iteration":719,"passed_time":0.8620093918,"remaining_time":0.3352258746},
{"learn":[3.488891789],"iteration":720,"passed_time":0.8633559694,"remaining_time":0.3340864292},
{"learn":[3.486869081],"iteration":721,"passed_time":0.8642570293,"remaining_time":0.3327748672},
{"learn":[3.486303638],"iteration":722,"passed_time":0.8654261437,"remaining_time":0.3315671394},
{"learn":[3.486035862],"iteration":723,"passed_time":0.866622675,"remaining_time":0.33036997},
{"learn":[3.482668951],"iteration":724,"passed_time":0.8677471538,"remaining_time":0.3291454721},
{"learn":[3.47820549],"iteration":725,"passed_time":0.868999371,"remaining_time":0.3279694596},
{"learn":[3.474392283],"iteration":726,"passed_time":0.8702532122,"remaining_time":0.3267938472},
{"learn":[3.472268163],"iteration":727,"passed_time":0.8714903827,"remaining_time":0.3256117913},
{"learn":[3.471209164],"iteration":728,"passed_time":0.872686904,"remaining_time":0.3244144732},
{"learn":[3.470049971],"iteration":729,"passed_time":0.873936595,"remaining_time":0.3232368228},
{"learn":[3.469078654],"iteration":730,"passed_time":0.8752293713,"remaining_time":0.3220748302},
{"learn":[3.468643292],"iteration":731,"passed_time":0.876484245,"remaining_time":0.3208986034},
{"learn":[3.468134848],"iteration":732,"passed_time":0.8777562005,"remaining_time":0.3197283841},
{"learn":[3.467820182],"iteration":733,"passed_time":0.8789479701,"remaining_time":0.3185288284},
{"learn":[3.465776156],"iteration":734,"passed_time":0.8801792563,"remaining_time":0.3173435414},
{"learn":[3.463037608],"iteration":735,"passed_time":0.881472109,"remaining_time":0.316180213},
{"learn":[3.45965637],"iteration":736,"passed_time":0.8826761285,"remaining_time":0.3149848328},
{"learn":[3.457275091],"iteration":737,"passed_time":0.8837194658,"remaining_time":0.3137323849},
{"learn":[3.455522955],"iteration":738,"passed_time":0.8847761857,"remaining_time":0.3124852293},
{"learn":[3.451270508],"iteration":739,"passed_time":0.8859889867,"remaining_time":0.3112934278},
{"learn":[3.450978947],"iteration":740,"passed_time":0.887156437,"remaining_time":0.3100857182},
{"learn":[3.450608492],"iteration":741,"passed_time":0.8884121334,"remaining_time":0.3089088011},
{"learn":[3.448122004],"iteration":742,"passed_time":0.8897411882,"remaining_time":0.3077570463},
{"learn":[3.445646714],"iteration":743,"passed_time":0.89106504,"remaining_time":0.3066030245},
{"learn":[3.44411263],"iteration":744,"passed_time":0.8920746152,"remaining_time":0.3053409757},
{"learn":[3.443264164],"iteration":745,"passed_time":0.8932602392,"remaining_time":0.3041395453},
{"learn":[3.439521363],"iteration":746,"passed_time":0.8945241951,"remaining_time":0.3029646872},
{"learn":[3.436809225],"iteration":747,"passed_time":0.8958082501,"remaining_time":0.3017963623},
{"learn":[3.435509465],"iteration":748,"passed_time":0.8971050568,"remaining_time":0.3006320017},
{"learn":[3.434450277],"iteration":749,"passed_time":0.8983671181,"remaining_time":0.299455706},
{"learn":[3.431786753],"iteration":750,"passed_time":0.8996383919,"remaining_time":0.2982822364},
{"learn":[3.430150302],"iteration":751,"passed_time":0.9009316255,"remaining_time":0.2971157488},
{"learn":[3.42696281],"iteration":752,"passed_time":0.9022530417,"remaining_time":0.295958169},
{"learn":[3.426870334],"iteration":753,"passed_time":0.9034246621,"remaining_time":0.2947512823},
{"learn":[3.425200309],"iteration":754,"passed_time":0.9047179133,"remaining_time":0.2935839586},
{"learn":[3.423383783],"iteration":755,"passed_time":0.9060217666,"remaining_time":0.2924197236},
{"learn":[3.422752979],"iteration":756,"passed_time":0.9072474892,"remaining_time":0.2912300395},
{"learn":[3.420845924],"iteration":757,"passed_time":0.9085063627,"remaining_time":0.290050844},
{"learn":[3.418917862],"iteration":758,"passed_time":0.9097598831,"remaining_time":0.2888697389},
{"learn":[3.417095735],"iteration":759,"passed_time":0.9110411375,"remaining_time":0.2876972013},
{"learn":[3.414391848],"iteration":760,"passed_time":0.9123003217,"remaining_time":0.2865174466},
{"learn":[3.41426711],"iteration":761,"passed_time":0.9135301242,"remaining_time":0.2853283065},
{"learn":[3.411976013],"iteration":762,"passed_time":0.9148254404,"remaining_time":0.2841594094},
{"learn":[3.408614844],"iteration":763,"passed_time":0.9160965939,"remaining_time":0.2829827175},
{"learn":[3.407906721],"iteration":764,"passed_time":0.9173072497,"remaining_time":0.2817871943},
{"learn":[3.407494015],"iteration":765,"passed_time":0.9185760675,"remaining_time":0.2806093992},
{"learn":[3.406287128],"iteration":766,"passed_time":0.9198367153,"remaining_time":0.2794288848},
{"learn":[3.404600442],"iteration":767,"passed_time":0.9210458473,"remaining_time":0.2782325997},
{"learn":[3.404012662],"iteration":768,"passed_time":0.9222570945,"remaining_time":0.2770369166},
{"learn":[3.400398762],"iteration":769,"passed_time":0.9234768626,"remaining_time":0.2758437382},
{"learn":[3.399737714],"iteration":770,"passed_time":0.9246209458,"remaining_time":0.2746280111},
{"learn":[3.399185251],"iteration":771,"passed_time":0.9256927325,"remaining_time":0.2733911179},
{"learn":[3.397245411],"iteration":772,"passed_time":0.9267625945,"remaining_time":0.2721540866},
{"learn":[3.396229831],"iteration":773,"passed_time":0.9278013306,"remaining_time":0.2709083988},
{"learn":[3.394002836],"iteration":774,"passed_time":0.9288705611,"remaining_time":0.2696720984},
{"learn":[3.389617243],"iteration":775,"passed_time":0.9299329148,"remaining_time":0.2684342434},
{"learn":[3.385426488],"iteration":776,"passed_time":0.9309965817,"remaining_time":0.2671972171},
{"learn":[3.385072258],"iteration":777,"passed_time":0.9320216042,"remaining_time":0.2659496094},
{"learn":[3.383842366],"iteration":778,"passed_time":0.9333423951,"remaining_time":0.2647864818},
{"learn":[3.380110746],"iteration":779,"passed_time":0.9346398866,"remaining_time":0.2636163783},
{"learn":[3.378595218],"iteration":780,"passed_time":0.9359239617,"remaining_time":0.2624421864},
{"learn":[3.377371219],"iteration":781,"passed_time":0.9371134056,"remaining_time":0.261241333},
{"learn":[3.375814782],"iteration":782,"passed_time":0.9383916063,"remaining_time":0.2600651067},
{"learn":[3.374195887],"iteration":783,"passed_time":0.9396592913,"remaining_time":0.2588857231},
{"learn":[3.373704309],"iteration":784,"passed_time":0.9409408302,"remaining_time":0.2577099089},
{"learn":[3.372971757],"iteration":785,"passed_time":0.9420942863,"remaining_time":0.2564989533},
{"learn":[3.371565136],"iteration":786,"passed_time":0.9431661833,"remaining_time":0.2552660699},
{"learn":[3.3700309],"iteration":787,"passed_time":0.9442169286,"remaining_time":0.2540279047},
{"learn":[3.368186663],"iteration":788,"passed_time":0.9453060777,"remaining_time":0.2528004847},
{"learn":[3.366710398],"iteration":789,"passed_time":0.9463468487,"remaining_time":0.2515605547},
{"learn":[3.364598042],"iteration":790,"passed_time":0.9476055518,"remaining_time":0.2503787109},
{"learn":[3.36348442],"iteration":791,"passed_time":0.9487765808,"remaining_time":0.2491736475},
{"learn":[3.362001759],"iteration":792,"passed_time":0.9499021451,"remaining_time":0.2479568021},
{"learn":[3.361580401],"iteration":793,"passed_time":0.9509950133,"remaining_time":0.2467317037},
{"learn":[3.359543675],"iteration":794,"passed_time":0.9520942571,"remaining_time":0.245508582},
{"learn":[3.35766119],"iteration":795,"passed_time":0.9532938959,"remaining_time":0.244311501},
{"learn":[3.354592969],"iteration":796,"passed_time":0.9545154182,"remaining_time":0.2431199873},
{"learn":[3.350985986],"iteration":797,"passed_time":0.9556544191,"remaining_time":0.2419075096},
{"learn":[3.349589624],"iteration":798,"passed_time":0.9568800013,"remaining_time":0.2407169966},
{"learn":[3.349110856],"iteration":799,"passed_time":0.9580922309,"remaining_time":0.2395230577},
{"learn":[3.345315441],"iteration":800,"passed_time":0.9593307346,"remaining_time":0.2383356007},
{"learn":[3.34397474],"iteration":801,"passed_time":0.9605936618,"remaining_time":0.2371540462},
{"learn":[3.343800902],"iteration":802,"passed_time":0.9619739884,"remaining_time":0.2360010905},
{"learn":[3.342329465],"iteration":803,"passed_time":0.9629409692,"remaining_time":0.2347468034},
{"learn":[3.34220347],"iteration":804,"passed_time":0.963841979,"remaining_time":0.2334772496},
{"learn":[3.341279219],"iteration":805,"passed_time":0.9647792774,"remaining_time":0.2322173447},
{"learn":[3.337329521],"iteration":806,"passed_time":0.9657503181,"remaining_time":0.230966309},
{"learn":[3.336708453],"iteration":807,"passed_time":0.9667047283,"remaining_time":0.2297120146},
{"learn":[3.333252703],"iteration":808,"passed_time":0.9676437007,"remaining_time":0.2284548169},
{"learn":[3.332186769],"iteration":809,"passed_time":0.9688811717,"remaining_time":0.227268423},
{"learn":[3.330594851],"iteration":810,"passed_time":0.9700807905,"remaining_time":0.2260730819},
{"learn":[3.327867442],"iteration":811,"passed_time":0.9713221612,"remaining_time":0.2248873969},
{"learn":[3.327563111],"iteration":812,"passed_time":0.9725517933,"remaining_time":0.223698875},
{"learn":[3.326308994],"iteration":813,"passed_time":0.9737420192,"remaining_time":0.2225012476},
{"learn":[3.326249879],"iteration":814,"passed_time":0.9748848193,"remaining_time":0.2212928731},
{"learn":[3.322336238],"iteration":815,"passed_time":0.9762111976,"remaining_time":0.2201260544},
{"learn":[3.320491154],"iteration":816,"passed_time":0.9774877142,"remaining_time":0.2189476765},
{"learn":[3.320434271],"iteration":817,"passed_time":0.978671364,"remaining_time":0.2177483964},
{"learn":[3.319609638],"iteration":818,"passed_time":0.9799486262,"remaining_time":0.2165698429},
{"learn":[3.316182682],"iteration":819,"passed_time":0.9812401895,"remaining_time":0.2153941879},
{"learn":[3.313126612],"iteration":820,"passed_time":0.9826331171,"remaining_time":0.2142403507},
{"learn":[3.311222803],"iteration":821,"passed_time":0.9839709766,"remaining_time":0.2130740071},
{"learn":[3.309627335],"iteration":822,"passed_time":0.9852274843,"remaining_time":0.2118897506},
{"learn":[3.307974895],"iteration":823,"passed_time":0.9864530465,"remaining_time":0.210698709},
{"learn":[3.307321505],"iteration":824,"passed_time":0.9876529059,"remaining_time":0.2095021315},
{"learn":[3.306759087],"iteration":825,"passed_time":0.9888955096,"remaining_time":0.2083145505},
{"learn":[3.30484037],"iteration":826,"passed_time":0.9899957925,"remaining_time":0.2070970642},
{"learn":[3.30201994],"iteration":827,"passed_time":0.9909836543,"remaining_time":0.2058565079},
{"learn":[3.299302297],"iteration":828,"passed_time":0.9919900915,"remaining_time":0.2046203928},
{"learn":[3.298132671],"iteration":829,"passed_time":0.9929660443,"remaining_time":0.2033785874},
{"learn":[3.296976183],"iteration":830,"passed_time":0.9939234217,"remaining_time":0.2021336441},
{"learn":[3.293144745],"iteration":831,"passed_time":0.9949411865,"remaining_time":0.2009015857},
{"learn":[3.290284404],"iteration":832,"passed_time":0.9959316046,"remaining_time":0.1996645594},
{"learn":[3.288285745],"iteration":833,"passed_time":0.9969191757,"remaining_time":0.1984275577},
{"learn":[3.286662667],"iteration":834,"passed_time":0.9979935287,"remaining_time":0.1972083021},
{"learn":[3.285692682],"iteration":835,"passed_time":0.9990289967,"remaining_time":0.1959817649},
{"learn":[3.284565611],"iteration":836,"passed_time":1.000077847,"remaining_time":0.1947582905},
{"learn":[3.283897383],"iteration":837,"passed_time":1.001107211,"remaining_time":0.1935314655},
{"learn":[3.280712855],"iteration":838,"passed_time":1.002169644,"remaining_time":0.1923114574},
{"learn":[3.280468341],"iteration":839,"passed_time":1.003174849,"remaining_time":0.1910809236},
{"learn":[3.277814895],"iteration":840,"passed_time":1.004322681,"remaining_time":0.1898778909},
{"learn":[3.276316385],"iteration":841,"passed_time":1.005441372,"remaining_time":0.1886695212},
{"learn":[3.27557063],"iteration":842,"passed_time":1.00646849,"remaining_time":0.1874443095},
{"learn":[3.27499628],"iteration":843,"passed_time":1.007496911,"remaining_time":0.1862198082},
{"learn":[3.273569958],"iteration":844,"passed_time":1.008542133,"remaining_time":0.1849988527},
{"learn":[3.269665595],"iteration":845,"passed_time":1.009583816,"remaining_time":0.1837776686},
{"learn":[3.267984685],"iteration":846,"passed_time":1.010644957,"remaining_time":0.1825604231},
{"learn":[3.267702508],"iteration":847,"passed_time":1.011647354,"remaining_time":0.1813330163},
{"learn":[3.266671924],"iteration":848,"passed_time":1.012701758,"remaining_time":0.1801153893},
{"learn":[3.265359825],"iteration":849,"passed_time":1.013726881,"remaining_time":0.178892979},
{"learn":[3.2618983],"iteration":850,"passed_time":1.014771702,"remaining_time":0.1776744813},
{"learn":[3.260456253],"iteration":851,"passed_time":1.015830557,"remaining_time":0.1764588292},
{"learn":[3.258389147],"iteration":852,"passed_time":1.016880741,"remaining_time":0.1752420503},
{"learn":[3.258108469],"iteration":853,"passed_time":1.01811746,"remaining_time":0.1740575518},
{"learn":[3.256424936],"iteration":854,"passed_time":1.019417535,"remaining_time":0.1728836754},
{"learn":[3.254817983],"iteration":855,"passed_time":1.020650014,"remaining_time":0.1716981331},
{"learn":[3.253898449],"iteration":856,"passed_time":1.021888818,"remaining_time":0.1705135367},
{"learn":[3.253023652],"iteration":857,"passed_time":1.023137086,"remaining_time":0.1693303801},
{"learn":[3.252845542],"iteration":858,"passed_time":1.024373966,"remaining_time":0.1681452028},
{"learn":[3.252316026],"iteration":859,"passed_time":1.025466814,"remaining_time":0.1669364581},
{"learn":[3.24975301],"iteration":860,"passed_time":1.026364486,"remaining_time":0.1656964733},
{"learn":[3.249151075],"iteration":861,"passed_time":1.0275746,"remaining_time":0.1645073026},
{"learn":[3.246257135],"iteration":862,"passed_time":1.028800463,"remaining_time":0.1633205833},
{"learn":[3.243826471],"iteration":863,"passed_time":1.030047558,"remaining_time":0.1621371156},
{"learn":[3.243190653],"iteration":864,"passed_time":1.031286021,"remaining_time":0.1609521536},
{"learn":[3.24008797],"iteration":865,"passed_time":1.032737184,"remaining_time":0.15979998},
{"learn":[3.240036811],"iteration":866,"passed_time":1.033926919,"remaining_time":0.1586070129},
{"learn":[3.238676314],"iteration":867,"passed_time":1.034880106,"remaining_time":0.1573780806},
{"learn":[3.237848782],"iteration":868,"passed_time":1.036093669,"remaining_time":0.1561890341},
{"learn":[3.236405498],"iteration":869,"passed_time":1.037330959,"remaining_time":0.1550034767},
{"learn":[3.233378068],"iteration":870,"passed_time":1.038579758,"remaining_time":0.153819505},
{"learn":[3.233169169],"iteration":871,"passed_time":1.039999318,"remaining_time":0.1526604503},
{"learn":[3.232434885],"iteration":872,"passed_time":1.041264416,"remaining_time":0.1514783286},
{"learn":[3.229978115],"iteration":873,"passed_time":1.042537304,"remaining_time":0.1502971399},
{"learn":[3.229648848],"iteration":874,"passed_time":1.043750947,"remaining_time":0.1491072782},
{"learn":[3.227208761],"iteration":875,"passed_time":1.044974344,"remaining_time":0.1479187427},
{"learn":[3.226258869],"iteration":876,"passed_time":1.046394007,"remaining_time":0.1467576543},
{"learn":[3.225331995],"iteration":877,"passed_time":1.047685319,"remaining_time":0.1455781423},
{"learn":[3.221968268],"iteration":878,"passed_time":1.048943191,"remaining_time":0.1443937725},
{"learn":[3.221166317],"iteration":879,"passed_time":1.050235526,"remaining_time":0.1432139353},
{"learn":[3.220047503],"iteration":880,"passed_time":1.051504604,"remaining_time":0.1420307014},
{"learn":[3.21982781],"iteration":881,"passed_time":1.0527194,"remaining_time":0.1408400104},
{"learn":[3.216693405],"iteration":882,"passed_time":1.053967748,"remaining_time":0.1396537106},
{"learn":[3.214798761],"iteration":883,"passed_time":1.055284662,"remaining_time":0.1384762679},
{"learn":[3.214395085],"iteration":884,"passed_time":1.056511307,"remaining_time":0.13728678},
{"learn":[3.213470696],"iteration":885,"passed_time":1.057777368,"remaining_time":0.1361022799},
{"learn":[3.211595017],"iteration":886,"passed_time":1.059036653,"remaining_time":0.1349167325},
{"learn":[3.210965255],"iteration":887,"passed_time":1.060407316,"remaining_time":0.1337450669},
{"learn":[3.209413583],"iteration":888,"passed_time":1.061707921,"remaining_time":0.1325642061},
{"learn":[3.208331683],"iteration":889,"passed_time":1.062967015,"remaining_time":0.1313779457},
{"learn":[3.207110711],"iteration":890,"passed_time":1.064231252,"remaining_time":0.1301921509},
{"learn":[3.204519413],"iteration":891,"passed_time":1.065452493,"remaining_time":0.1290009745},
{"learn":[3.201421296],"iteration":892,"passed_time":1.066661986,"remaining_time":0.1278083231},
{"learn":[3.200691259],"iteration":893,"passed_time":1.067899668,"remaining_time":0.1266189763},
{"learn":[3.200485067],"iteration":894,"passed_time":1.06909248,"remaining_time":0.1254242575},
{"learn":[3.197467568],"iteration":895,"passed_time":1.070303747,"remaining_time":0.124231685},
{"learn":[3.195838544],"iteration":896,"passed_time":1.07151706,"remaining_time":0.1230393056},
{"learn":[3.195671746],"iteration":897,"passed_time":1.072715847,"remaining_time":0.1218452298},
{"learn":[3.194213094],"iteration":898,"passed_time":1.073912648,"remaining_time":0.1206509205},
{"learn":[3.192884691],"iteration":899,"passed_time":1.075031149,"remaining_time":0.1194479055},
{"learn":[3.188364239],"iteration":900,"passed_time":1.076197891,"remaining_time":0.1182503787},
{"learn":[3.185219478],"iteration":901,"passed_time":1.077498076,"remaining_time":0.1170674184},
{"learn":[3.184120387],"iteration":902,"passed_time":1.078822084,"remaining_time":0.1158867577},
{"learn":[3.183725321],"iteration":903,"passed_time":1.080059495,"remaining_time":0.1146965836},
{"learn":[3.181264554],"iteration":904,"passed_time":1.081278301,"remaining_time":0.1135043521},
{"learn":[3.180741589],"iteration":905,"passed_time":1.082500465,"remaining_time":0.1123124103},
{"learn":[3.179782639],"iteration":906,"passed_time":1.083692275,"remaining_time":0.1111172895},
{"learn":[3.176377564],"iteration":907,"passed_time":1.084903883,"remaining_time":0.109924182},
{"learn":[3.174078182],"iteration":908,"passed_time":1.086133144,"remaining_time":0.108732801},
{"learn":[3.171242379],"iteration":909,"passed_time":1.087227245,"remaining_time":0.1075279693},
{"learn":[3.170421012],"iteration":910,"passed_time":1.08826958,"remaining_time":0.1063183234},
{"learn":[3.170087224],"iteration":911,"passed_time":1.089430845,"remaining_time":0.1051205202},
{"learn":[3.167303059],"iteration":912,"passed_time":1.090651064,"remaining_time":0.1039284147},
{"learn":[3.16705966],"iteration":913,"passed_time":1.091688327,"remaining_time":0.1027190329},
{"learn":[3.165667683],"iteration":914,"passed_time":1.092775321,"remaining_time":0.1015146473},
{"learn":[3.164689733],"iteration":915,"passed_time":1.093858555,"remaining_time":0.1003101732},
{"learn":[3.163311455],"iteration":916,"passed_time":1.095059858,"remaining_time":0.0991166502},
{"learn":[3.159425016],"iteration":917,"passed_time":1.09626471,"remaining_time":0.09792342724},
{"learn":[3.159327058],"iteration":918,"passed_time":1.097292329,"remaining_time":0.09671455781},
{"learn":[3.15819426],"iteration":919,"passed_time":1.098497291,"remaining_time":0.09552150353},
{"learn":[3.157086603],"iteration":920,"passed_time":1.099715084,"remaining_time":0.09432952402},
{"learn":[3.153354154],"iteration":921,"passed_time":1.100944556,"remaining_time":0.0931384765},
{"learn":[3.153261317],"iteration":922,"passed_time":1.102103495,"remaining_time":0.09194146167},
{"learn":[3.153168454],"iteration":923,"passed_time":1.103430024,"remaining_time":0.09075831369},
{"learn":[3.152080399],"iteration":924,"passed_time":1.104724083,"remaining_time":0.08957222295},
{"learn":[3.151635144],"iteration":925,"passed_time":1.105931521,"remaining_time":0.08837897684},
{"learn":[3.147762655],"iteration":926,"passed_time":1.10720096,"remaining_time":0.08719058263},
{"learn":[3.147172317],"iteration":927,"passed_time":1.108403165,"remaining_time":0.08599679732},
{"learn":[3.146254125],"iteration":928,"passed_time":1.109623936,"remaining_time":0.08480441275},
{"learn":[3.144869828],"iteration":929,"passed_time":1.110878399,"remaining_time":0.08361450312},
{"learn":[3.143466218],"iteration":930,"passed_time":1.112110697,"remaining_time":0.08242281215},
{"learn":[3.141919643],"iteration":931,"passed_time":1.113363175,"remaining_time":0.08123250634},
{"learn":[3.141054135],"iteration":932,"passed_time":1.114622841,"remaining_time":0.0800425834},
{"learn":[3.139390417],"iteration":933,"passed_time":1.115879178,"remaining_time":0.07885227595},
{"learn":[3.139025283],"iteration":934,"passed_time":1.117447954,"remaining_time":0.07768354764},
{"learn":[3.137824183],"iteration":935,"passed_time":1.118427386,"remaining_time":0.0764736674},
{"learn":[3.135620453],"iteration":936,"passed_time":1.119684134,"remaining_time":0.0752829247},
{"learn":[3.13443178],"iteration":937,"passed_time":1.120973342,"remaining_time":0.07409418676},
{"learn":[3.132765713],"iteration":938,"passed_time":1.122266068,"remaining_time":0.07290546342},
{"learn":[3.131434124],"iteration":939,"passed_time":1.123584837,"remaining_time":0.07171818109},
{"learn":[3.128384262],"iteration":940,"passed_time":1.125050285,"remaining_time":0.07053981596},
{"learn":[3.128120455],"iteration":941,"passed_time":1.126308326,"remaining_time":0.06934807105},
{"learn":[3.126314615],"iteration":942,"passed_time":1.127589224,"remaining_time":0.06815756707},
{"learn":[3.125409666],"iteration":943,"passed_time":1.128832339,"remaining_time":0.06696463026},
{"learn":[3.123072589],"iteration":944,"passed_time":1.1301273,"remaining_time":0.06577460478},
{"learn":[3.122921099],"iteration":945,"passed_time":1.131440547,"remaining_time":0.0645854012},
{"learn":[3.122182662],"iteration":946,"passed_time":1.132724983,"remaining_time":0.06339432322},
{"learn":[3.120040951],"iteration":947,"passed_time":1.13393223,"remaining_time":0.06219881432},
{"learn":[3.118767799],"iteration":948,"passed_time":1.135162724,"remaining_time":0.06100452997},
{"learn":[3.118203218],"iteration":949,"passed_time":1.136380177,"remaining_time":0.05980948299},
{"learn":[3.116343362],"iteration":950,"passed_time":1.137494377,"remaining_time":0.05860906885},
{"learn":[3.11480829],"iteration":951,"passed_time":1.138548531,"remaining_time":0.05740580827},
{"learn":[3.112607903],"iteration":952,"passed_time":1.139624347,"remaining_time":0.05620392899},
{"learn":[3.111661241],"iteration":953,"passed_time":1.140641831,"remaining_time":0.05499950131},
{"learn":[3.110249676],"iteration":954,"passed_time":1.141698862,"remaining_time":0.05379732858},
{"learn":[3.107333579],"iteration":955,"passed_time":1.142719885,"remaining_time":0.05259380224},
{"learn":[3.107149851],"iteration":956,"passed_time":1.143721139,"remaining_time":0.05138976907},
{"learn":[3.106867336],"iteration":957,"passed_time":1.144720219,"remaining_time":0.05018606387},
{"learn":[3.10364681],"iteration":958,"passed_time":1.146016143,"remaining_time":0.04899547638},
{"learn":[3.102703811],"iteration":959,"passed_time":1.1471701,"remaining_time":0.04779875416},
{"learn":[3.101469264],"iteration":960,"passed_time":1.148233246,"remaining_time":0.04659843556},
{"learn":[3.09863569],"iteration":961,"passed_time":1.149269806,"remaining_time":0.04539735202},
{"learn":[3.09645939],"iteration":962,"passed_time":1.150320111,"remaining_time":0.04419713821},
{"learn":[3.096240186],"iteration":963,"passed_time":1.151278049,"remaining_time":0.04299378608},
{"learn":[3.094838828],"iteration":964,"passed_time":1.152293509,"remaining_time":0.04179302881},
{"learn":[3.094176802],"iteration":965,"passed_time":1.153287235,"remaining_time":0.04059189025},
{"learn":[3.093182279],"iteration":966,"passed_time":1.154283447,"remaining_time":0.03939126551},
{"learn":[3.090150687],"iteration":967,"passed_time":1.155276281,"remaining_time":0.03819095143},
{"learn":[3.088612829],"iteration":968,"passed_time":1.156318094,"remaining_time":0.03699263254},
{"learn":[3.087153684],"iteration":969,"passed_time":1.157330236,"remaining_time":0.03579371862},
{"learn":[3.085866843],"iteration":970,"passed_time":1.158341234,"remaining_time":0.03459515528},
{"learn":[3.082669094],"iteration":971,"passed_time":1.159402225,"remaining_time":0.03339841799},
{"learn":[3.081047548],"iteration":972,"passed_time":1.160320617,"remaining_time":0.03219800273},
{"learn":[3.079684322],"iteration":973,"passed_time":1.161542259,"remaining_time":0.03100626154},
{"learn":[3.07613431],"iteration":974,"passed_time":1.162728115,"remaining_time":0.0298135414},
{"learn":[3.074005935],"iteration":975,"passed_time":1.163946308,"remaining_time":0.02862163053},
{"learn":[3.072988853],"iteration":976,"passed_time":1.165025393,"remaining_time":0.02742639102},
{"learn":[3.072344268],"iteration":977,"passed_time":1.166204682,"remaining_time":0.02623364315},
{"learn":[3.070654438],"iteration":978,"passed_time":1.167393013,"remaining_time":0.02504111673},
{"learn":[3.069724506],"iteration":979,"passed_time":1.168595719,"remaining_time":0.02384889223},
{"learn":[3.067763166],"iteration":980,"passed_time":1.169812821,"remaining_time":0.02265692518},
{"learn":[3.066737893],"iteration":981,"passed_time":1.171022484,"remaining_time":0.02146477059},
{"learn":[3.065248174],"iteration":982,"passed_time":1.172228579,"remaining_time":0.02027251866},
{"learn":[3.063186837],"iteration":983,"passed_time":1.173420499,"remaining_time":0.01908000811},
{"learn":[3.062880371],"iteration":984,"passed_time":1.174640447,"remaining_time":0.0178879256},
{"learn":[3.061288645],"iteration":985,"passed_time":1.175843735,"remaining_time":0.01669554999},
{"learn":[3.059970575],"iteration":986,"passed_time":1.177031094,"remaining_time":0.01550294248},
{"learn":[3.059576341],"iteration":987,"passed_time":1.178221581,"remaining_time":0.01431038357},
{"learn":[3.058175919],"iteration":988,"passed_time":1.179409822,"remaining_time":0.01311780388},
{"learn":[3.056830702],"iteration":989,"passed_time":1.180648706,"remaining_time":0.01192574451},
{"learn":[3.056336579],"iteration":990,"passed_time":1.181787256,"remaining_time":0.01073267942},
{"learn":[3.055810414],"iteration":991,"passed_time":1.18302574,"remaining_time":0.00954053016},
{"learn":[3.055476518],"iteration":992,"passed_time":1.184186083,"remaining_time":0.008347736736},
{"learn":[3.053331734],"iteration":993,"passed_time":1.185387135,"remaining_time":0.007155254336},
{"learn":[3.050890374],"iteration":994,"passed_time":1.186601219,"remaining_time":0.005962820197},
{"learn":[3.04972623],"iteration":995,"passed_time":1.187825298,"remaining_time":0.004770382722},
{"learn":[3.047217327],"iteration":996,"passed_time":1.189195607,"remaining_time":0.003578321786},
{"learn":[3.047155483],"iteration":997,"passed_time":1.190375859,"remaining_time":0.002385522763},
{"learn":[3.04430671],"iteration":998,"passed_time":1.191586534,"remaining_time":0.001192779314},
{"learn":[3.042664195],"iteration":999,"passed_time":1.192839032,"remaining_time":0}
]}